tdate,A091220,A091230,A098560,A102110,A105010,A114820,A117690,A123310,A123320,A130680,A133690,A137610,A138520,A138530,A138540,A139220,A139230,A139240,A139250,A139260,A139270,A139280,A139290,A139310,A139320,A143850,A143860,A147970,A150460,A157450,A157490,A157500,A160580,A166400,A174350,A182480,A182490,A192090,A195920,A195930,A203780,A204480,A210780,A211560,A217770,A217780,A217790,A225030,A225040,A225050,A225060,A227540,A227550,A227560,A227570,A228790,A228800,A228810,A228820,A232080,A233160,A236350,A237440,A241180,A243880,A243890,A245340,A245350,A245360,A248260,A248270,A250780,A252000,A252710,A261060,A261070,A261110,A261120,A261140,A267770,A269370,A272580,A275980,A276000,A277630,A277640,A277650,A289250,A289260,A289480,A292150,A292160,A292560,A300610,A302170,A302180,A302190,A305080,A305540,A307510,A307520,A310960,A310970,A315270,A319640,A329200,A329750,A341850,A357870,A360750,A364960,A364970,A364980,A364990,A365000,A365040,A371160,A371450,A371460,A371470,A376410,A377990,A381170,A381180,A387270,A387280
2012-01-31,-75.14914080302364,-62.35043100109774,-84.8495121323293,-79.59267626797015,,,,,,,,,-92.02869893789577,-94.39035347033153,-85.83491033609661,-85.48169513002026,-84.7522397947798,-93.75955571901477,-93.16177909272315,-86.1229684462836,-86.72193318007976,-94.22960617136285,-86.81607472670518,,,,-84.78891813486703,-85.74591310123164,-95.57838229357982,,,,,,,,,,,,,,,,,,,,,,,,,,,,,,,,,,,,,,,,,,,,,,,,,,,,,,,,,,,,,,,,,,,,,,,,,,,,,,,,,,,,,,,,,,,,,,,,,
2012-02-29,-74.12984608294487,-61.62914565032901,-85.21924443409645,-79.11621278161591,,,,,,,,,-91.72917818751196,-94.63368392817027,-85.66509680271392,-85.60326290252483,-84.26300357960213,-93.69000461021868,-93.19488398399098,-84.85630056895002,-86.37174938169905,-94.69040162989324,-86.54203463707555,,,,-83.99225907493465,-85.56903968260123,-95.78762878716783,,,,,,,,,,,,,,,,,,,,,,,,,,,,,,,,,,,,,,,,,,,,,,,,,,,,,,,,,,,,,,,,,,,,,,,,,,,,,,,,,,,,,,,,,,,,,,,,,
2012-03-31,-74.18144467812714,-63.747296511452,-84.72342392929437,-78.75090103656156,,,,,,,,,-91.75266360074133,-94.70812674316844,-85.7106842375765,-86.32466110363292,-84.58867857875534,-93.4699544675251,-93.16776388007303,-85.59569623092965,-86.40038501091249,-95.06203734840638,-86.69586798452995,,,,-83.72797281959845,-85.31345497822548,-95.88901393848609,,,,,,,,,,,,,,,,,,,,,,,,,,,,,,,,,,,,,,,,,,,,,,,,,,,,,,,,,,,,,,,,,,,,,,,,,,,,,,,,,,,,,,,,,,,,,,,,,
2012-04-30,-74.84334264764608,-65.81073347442347,-86.09889368412676,-79.7343205513307,,,,,,,,,-91.84201802891954,-94.3281652187174,-85.85153566122055,-86.28740168596443,-84.59535410595727,-93.8945887371948,-92.90023683758169,-86.29864418611085,-87.67026867209896,-95.57646370015989,-87.30947608575576,,,,-84.91622182791662,-75.85903486011584,-95.8723213300424,,,,,,,,,,,,,,,,,,,,,,,,,,,,,,,,,,,,,,,,,,,,,,,,,,,,,,,,,,,,,,,,,,,,,,,,,,,,,,,,,,,,,,,,,,,,,,,,,
2012-05-31,-74.81321159539078,-67.73216738543779,-85.2991480248505,-80.60105151848612,,,,,,,,,-92.0749687072461,-94.9237054039851,-85.75184509730651,-87.1481988943342,-85.7335735694816,-94.31148927093726,-92.97441763379649,-86.66452629647418,-88.14928171429209,-95.63189813864221,-87.09602689755334,,,,-80.85006098163078,-76.65863815815878,-95.47547772279097,,-96.51080090922116,-87.37013622787124,,,,,,,,,,,,,,,,,,,,,,,,,,,,,,,,,,,,,,,,,,,,,,,,,,,,,,,,,,,,,,,,,,,,,,,,,,,,,,,,,,,,,,,,,,,,,,
2012-06-30,-74.23286911526164,-67.58483923624233,-85.9963829556116,-80.84214357565153,,,,,,,,,-92.23504938933843,-95.14824491280686,-85.67293179168406,-92.8901400057967,-86.90660568515874,-94.54489887094158,-92.89675449517433,-86.17130793118194,-88.07037217820258,-95.58967582536508,-86.84495952892138,,,,-82.26847976143584,-76.52055938069422,-95.43356739894459,,-96.76740074199188,-86.6096916972788,,,,,,,,,,,,,,,,,,,,,,,,,,,,,,,,,,,,,,,,,,,,,,,,,,,,,,,,,,,,,,,,,,,,,,,,,,,,,,,,,,,,,,,,,,,,,,
2012-07-31,-74.50642997790997,-68.53652916619103,-87.32868176261532,-80.94908449884475,,,,,,,,,-91.84546273847035,-94.93403476922342,-85.85820669511753,-93.0590425811665,-86.66293446537219,-94.69988555344395,-92.99891917354772,-85.90047806866174,-87.98773782326555,-95.10290445779778,-87.17941458278179,,,,-82.09177949354051,-89.54781756974859,-95.13641269405045,,-96.46961554676912,-86.5132799760494,,,,,,,,,,,,,,,,,,,,,,,,,,,,,,,,,,,,,,,,,,,,,,,,,,,,,,,,,,,,,,,,,,,,,,,,,,,,,,,,,,,,,,,,,,,,,,
2012-08-31,-74.19413199231231,-68.06253376153518,-85.95438887216,-81.27546286508202,,,,,,,,,-92.21610121407268,-94.37089048915462,-85.84424350418145,-93.04741361671415,-86.9292049362595,-94.59238258761549,-92.69559777472934,-86.25317825350584,-88.73126212052743,-95.1681836989195,-86.98454042801089,,,,-82.17161077729524,-89.38630983127219,-94.67614616369436,,-96.49834202675476,-86.51517630083757,,,,,,,,,,,,,,,,,,,,,,,,,,,,,,,,,,,,,,,,,,,,,,,,,,,,,,,,,,,,,,,,,,,,,,,,,,,,,,,,,,,,,,,,,,,,,,
2012-09-30,-75.35285957511297,-51.39254637098232,-86.67688413970265,-81.2701489581403,,,,,,,,,-92.17691073437662,-94.69243185646377,-86.13220093825566,-92.95214727918012,-87.7841219362381,-94.76782455630328,-93.07056806198965,-86.41055928877809,-88.42301717006957,-95.03272400900016,-87.31688051790579,,,,-82.23065167631158,-89.11842703765443,-94.69363760676168,,-96.3771735125432,-86.31512815382233,,,,,,,,,,,,,,,,,,,,,,,,,,,,,,,,,,,,,,,,,,,,,,,,,,,,,,,,,,,,,,,,,,,,,,,,,,,,,,,,,,,,,,,,,,,,,,
2012-10-31,-75.34331939630655,-52.570122567799565,-87.23907699026785,-81.19732537929015,,,,,,,,,-92.31708934009194,-94.1491439661378,-86.09886721599497,-92.52888495975441,-87.6128663660272,-95.2042927224114,-93.0389940436393,-85.50497303563334,-88.85736504083047,-94.9832337981015,-87.3618625826351,,,,-83.39210708928941,-66.00515858810142,-94.93462962004531,,-96.21009059633094,-86.35944256301447,,,,,,,,,,,,,,,,,,,,,,,,,,,,,,,,,,,,,,,,,,,,,,,,,,,,,,,,,,,,,,,,,,,,,,,,,,,,,,,,,,,,,,,,,,,,,,
2012-11-30,-75.2973129439167,-53.56492905446197,-87.03234563348684,-80.8904006779108,,,,,,,,,-92.03491545637348,-94.0335637246744,-85.89095692054909,-92.88243698068126,-87.20755870841327,-95.17482457793871,-93.06025840203895,-85.1349827487511,-88.40775512043719,-95.01032734635544,-87.33421493703891,,,,-82.4359215933252,-66.4011335065921,-95.00071264281976,,-96.00989886813743,-86.9317144532142,,,,,,,,,,,,,,,,,,,,,,,,,,,,,,,,,,,,,,,,,,,,,,,,,,,,,,,,,,,,,,,,,,,,,,,,,,,,,,,,,,,,,,,,,,,,,,
2012-12-31,-74.39116776559754,-54.17614259721263,-86.319514117977,-80.19454520737534,,,,,,,,,-91.42176279682316,-94.48848747311575,-85.56668167185121,-92.16145220444496,-86.47069609593792,-94.69825846989835,-92.98318340085505,-84.748982609439,-87.46451357852298,-94.83837181764815,-87.27134654245386,,,,-80.46629684067629,-65.19321500534775,-94.87006676542539,,-95.82731385677884,-86.16381826084682,,,,,,,,,,,,,,,,,,,,,,,,,,,,,,,,,,,,,,,,,,,,,,,,,,,,,,,,,,,,,,,,,,,,,,,,,,,,,,,,,,,,,,,,,,,,,,
2013-01-31,-74.6049694383983,-53.130984196033154,-86.9135774700748,-79.94145784340908,,,,,,,,,-91.4312729079662,-94.24176052471935,-85.62350551504706,-92.63593452053416,-85.56971198250562,-94.7890952559796,-92.97319469331946,-84.8876839880643,-87.48916325533934,-94.52134730264021,-87.46491216807098,,,,-80.61638719141482,-79.4225245679138,-94.62111180915089,,-95.75768259834712,-86.51124792195209,,,,,,,,,,,,,,,,,,,,,,,,,,,,,,,,,,,,,,,,,,,,,,,,,,,,,,,,,,,,,,,,,,,,,,,,,,,,,,,,,,,,,,,,,,,,,,
2013-02-28,-74.39088454654527,-52.838693611125514,-87.2549856286336,-79.87590053075068,,,,,,,,,-91.34883363514707,-93.9903513209186,-85.83889914650304,-92.64026825170058,-86.1601547181148,-94.71869100184254,-92.89922880839976,-84.72537540081844,-87.37465175935964,-94.52587032553582,-87.6577935248054,,,,-75.1388515826666,-78.22995739951914,-94.64916501718392,,-95.7673750019441,-86.58299366974089,,,,,,,,,,,,,,,,,,,,,,,,,,,,,,,,,,,,,,,,,,,,,,,,,,,,,,,,,,,,,,,,,,,,,,,,,,,,,,,,,,,,,,,,,,,,,,
2013-03-31,-74.0973215526115,-51.68753782724494,-87.37872722545933,-79.9483146852375,,,,,,,,,-91.23738901151663,-93.56335534753065,-85.92243332396305,-92.33178147113034,-86.79952359718315,-94.98545228817672,-92.80210397072393,-84.60583939919356,-87.27621736373762,-94.58983633724178,-87.69585475836095,,,,-79.67108745815071,-77.10268054531136,-94.53570661363386,,-95.81545472545103,-86.71369770167931,,,,,,,,,,,,,,,,,,,,,,,,,,,,,,,,,,,,,,,,,,,,,,,,,,,,,,,,,,,,,,,,,,,,,,,,,,,,,,,,,,,,,,,,,,,,,,
2013-04-30,-75.80138290616188,-52.038831328729195,-87.47264607275123,-81.0214295474766,,,,,,,,,-91.53704147721139,-93.57438765953961,-85.42010862627892,-92.44280775075501,-89.1917376293427,-95.61208032243616,-93.07993799701018,-84.78672660568218,-88.46328957517258,-94.93990423920896,-86.84979024832893,,,,-85.51006117957103,-73.28550026751316,-94.4023766212338,,-95.84368019531746,-86.8847438593275,,,,,,,,,,,,,,,,,,,,,,,,,,,,,,,,,,,,,,,,,,,,,,,,,,,,,,,,,,,,,,,,,,,,,,,,,,,,,,,,,,,,,,,,,,,,,,
2013-05-31,-75.98361612492201,-51.20580682098425,-88.1662389156272,-80.95389008391903,,,,,,,,,-91.62282356861913,-93.46050400844942,-85.61733917019414,-92.65553212335519,-89.3543037153652,-95.48817128585848,-93.1761923690514,-84.5791942459547,-88.14385597299984,-94.87554762626446,-86.878480138261,,,,-84.48360893773898,-73.51387285254177,-94.36295127262059,,-95.86316060833774,-86.33295543577456,,,,,,,,,,,,,,,,,,,,,,,,,,,,,,,,,,,,,,,,,,,,,,,,,,,,,,,,,,,,,,,,,,,,,,,,,,,,,,,,,,,,,,,,,,,,,,
2013-06-30,-75.99276390300047,-51.379370717407674,-87.83494336416973,-81.92280512467606,,,,,,,,,-91.89531549220598,-94.47561626418694,-85.79755902101849,-92.60325175445767,-91.97731967932823,-96.51164984313915,-93.32149727466212,-84.5673764735873,-89.05829092082801,-94.59471611268829,-87.28246483925632,,,,-84.85814532779912,-73.84054617846051,-94.54525204237217,,-95.83652508642628,-86.33144640926145,,,-93.26396445611041,,,,,,,,,,,,,,,,,,,,,,,,,,,,,,,,,,,,,,,,,,,,,,,,,,,,,,,,,,,,,,,,,,,,,,,,,,,,,,,,,,,,,,,,,,,
2013-07-31,-75.97082518519191,-51.65650017505198,-87.72928085686615,-81.62099086593712,,,,,,,,,-91.91277728608604,-94.63417969429008,-85.60268269446253,-92.66998700715791,-91.89802933337998,-96.44281701683357,-93.40215835174752,-79.28955382435834,-88.82534138796359,-94.56636263059208,-87.15215457509446,,,,-84.19168206399911,-77.45628049367997,-94.80664111680517,,-93.29841830857899,-86.263329358721,,,-93.15648898834,,,,,,,,,,,,,,,,,,,,,,,,,,,,,,,,,,,,,,,,,,,,,,,,,,,,,,,,,,,,,,,,,,,,,,,,,,,,,,,,,,,,,,,,,,,
2013-08-31,-76.66985537342171,-53.720574658967735,-88.23498875420417,-82.14179895713681,,,,,,,,,-92.06431699105403,-94.45676281314348,-85.76688108891108,-92.58769013267542,-92.17898055021196,-96.14644833414779,-93.65971686091791,-85.38709705373246,-89.30246874446469,-94.22530795626787,-87.51288071476966,,,,-85.2794260054261,-76.30219942435413,-94.56141947240606,,-95.79849600393955,-86.63951835244082,,,-93.07771258934899,,,,,,,,,,,,,,,,,,,,,,,,,,,,,,,,,,,,,,,,,,,,,,,,,,,,,,,,,,,,,,,,,,,,,,,,,,,,,,,,,,,,,,,,,,,
2013-09-30,-76.11379400329903,-55.9006380713964,-88.0084933560093,-82.19131659076066,,,,,,,,,-91.95391162395798,-95.03831115673034,-85.84778477498367,-92.41866803564542,-92.51671639325083,-96.09479779678948,-93.67930878229616,-86.51706309427706,-88.59334860344131,-94.71365762334759,-87.31178787847568,,,,-85.00508542329887,-76.5389779025082,-94.48856939691554,,-96.17167660048975,-86.5460310091215,,,-93.1517012377526,,,,,,,,,,,,,,,,,,,,,,,,,,,,,,,,,,,,,,,,,,,,,,,,,,,,,,,,,,,,,,,,,,,,,,,,,,,,,,,,,,,,,,,,,,,
2013-10-31,-76.6846243574115,-56.879960336937344,-88.44608004817468,-82.13891490662866,,,,,,,,,-92.00399683275315,-95.0320052797566,-85.96291080233033,-92.41463357156334,-93.01519117152877,-95.92776364981039,-93.56229721854231,-86.94431564308378,-88.35244134621104,-94.63908020888863,-87.62465400303624,,,,-82.97267007341702,-88.91456093538683,-94.42228404185148,,-96.30803992024897,-86.82203794644711,,,-93.2300599998186,,,,,,,,,,,,,,,,,,,,,,,,,,,,,,,,,,,,,,,,,,,,,,,,,,,,,,,,,,,,,,,,,,,,,,,,,,,,,,,,,,,,,,,,,,,
2013-11-30,-76.45600293731788,-57.58226586282591,-89.07933113288729,-82.34095517810113,,,,,,,,,-92.2098649339664,-95.17366535328856,-86.24889305599262,-92.8190630705538,-93.44360006168533,-95.86765315500307,-93.62115419033898,-87.61895828961262,-88.99890123730141,-94.63015701853094,-87.60004073266734,,,,-83.15904690791564,-88.84578583720152,-94.50071548820138,,-96.59717884093575,-87.17328596370358,,,-93.0229899374847,,,,,,,,,,,,,,,,,,,,,,,,,,,,,,,,,,,,,,,,,,,,,,,,,,,,,,,,,,,,,,,,,,,,,,,,,,,,,,,,,,,,,,,,,,,
2013-12-31,-76.24241443429985,-56.21879737568368,-88.77933888552411,-82.01021958463865,,,,,,,,,-92.0024598004597,-94.58525055007084,-85.4827947828112,-92.77059736810105,-93.24242176750518,-95.66323378033762,-93.6030317390162,-87.59219109146463,-88.33088700407893,-94.5247429272334,-87.23364516033703,,,,-85.39345893310266,-89.27966260162609,-95.74679837495542,,-96.3946603024046,-87.40917176165904,,,-93.45016840240326,,,,,,,,,,,,,,,,,,,,,,,,,,,,,,,,,,,,,,,,,,,,,,,,,,,,,,,,,,,,,,,,,,,,,,,,,,,,,,,,,,,,,,,,,,,
2014-01-31,-75.8684131721488,-55.40268913548809,-88.03586045920402,-81.76307361499414,,,,,,,,,-91.98680303974282,-93.89591230194766,-85.81461769080377,-92.58082771535294,-92.58707580573581,-95.94881520784642,-93.67147118853158,-86.69215105874726,-88.4533957117342,-94.37211487406543,-87.35380020513892,,,,-84.96064169133814,-87.72503061715496,-95.33430836346174,,-96.03788954435599,-87.54939657594016,,,-93.2487257987865,,,,,,,,,,,,,,,,,,,,,,,,,,,,,,,,,,,,,,,,,,,,,,,,,,,,,,,,,,,,,,,,,,,,,,,,,,,,,,,,,,,,,,,,,,,
2014-02-28,-75.94569066895538,-55.94431547116524,-88.57073001269733,-81.82708592673133,,,,,,,,,-91.85112508400763,-93.9204884362831,-86.08868074782147,-92.27720026288159,-92.70640666146706,-95.94691493639681,-93.70958632993887,-88.09486716641669,-88.09724686630425,-94.13350599988053,-87.29412782911277,,,,-84.45401868802747,-87.37263449335276,-95.16325578762297,,-96.25152053863775,-86.97859416940528,,,-93.09045718939382,,,,,,,,,,,,,,,,,,,,,,,,,,,,,,,,,,,,,,,,,,,,,,,,,,,,,,,,,,,,,,,,,,,,,,,,,,,,,,,,,,,,,,,,,,,
2014-03-31,-76.29174788541884,-55.143257453461175,-88.45259880165503,-82.01294094762709,,,,,,,,,-91.98567776300278,-93.71190485439263,-85.9785433275654,-92.29414284982761,-92.84925028207753,-95.74669070497836,-93.87185644009357,-88.0180929578907,-88.4057250885936,-94.14616268062342,-87.18033337708385,,,,-84.08891623474898,-87.30809822657862,-95.50118984919658,,-96.27714172583396,-86.95019846742007,,,-93.51836345912197,,,,,,,,,,,,,,,,,,,,,,,,,,,,,,,,,,,,,,,,,,,,,,,,,,,,,,,,,,,,,,,,,,,,,,,,,,,,,,,,,,,,,,,,,,,
2014-04-30,-75.62975510208945,-55.277534417118694,-88.48027520153457,-82.2015524254308,,,,,,,,,-92.34153964323887,-93.7675421738794,-85.86598284846146,-92.10993671104447,-93.0323207894544,-96.05221339592424,-94.04562025820015,-87.2004366577985,-88.77308183757485,-94.33904544794305,-86.87641996996206,,,,-83.15810382914592,-86.92672164254448,-95.73293503882319,,-96.20669065196057,-86.66304992272201,,,-93.84006823138517,,,,,,,,,,,,,,,,,,,,,,,,,,,,,,,,,,,,,,,,,,,,,,,,,,,,,,,,,,,,,,,,,,,,,,,,,,,,,,,,,,,,,,,,,,,
2014-05-31,-76.08012906523723,-56.883736097063704,-89.49762476310187,-82.08810198554649,,,,,,,,,-92.3150184664829,-93.96519391776974,-85.45251825662487,-92.29546851265684,-93.29043800422859,-95.98349028772458,-94.3808438804964,-87.0315228692084,-89.35191418133367,-94.59447648507623,-86.43063540438216,,,,-82.7260889352895,-86.90663798394007,-95.84917741837603,,-96.2033527868804,-86.85584065893595,,,-93.92409428887619,,,,,,,,,,,,,,,,,,,,,,,,,,,,,,,,,,,,,,,,,,,,,,,,,,,,,,,,,,,,,,,,,,,,,,,,,,,,,,,,,,,,,,,,,,,
2014-06-30,-76.6296546706304,-57.256972539459646,-90.54533004116425,-82.35073209525402,,,,,,,,,-92.87247528275253,-94.57090036090418,-85.49795304084454,-92.52787011817837,-93.56728436914155,-96.20121702643083,-94.69721175715217,-87.48446715841014,-89.22260415221767,-94.19171325185732,-86.22709947115521,,,,-84.18122071603948,-87.12818189620239,-95.31108122028412,,-96.11100934122433,-87.3054837250229,,,-91.66324250415197,,,,,,,,,,,,,,,,,,,,,,,,,,,,,,,,,,,,,,,,,,,,,,,,,,,,,,,,,,,,,,,,,,,,,,,,,,,,,,,,,,,,,,,,,,,
2014-07-31,-76.52665537615623,-58.30983055335605,-91.36566106259929,-82.3618843099087,,,,,,,,,-93.05906621764886,-94.31361803643217,-85.42911202427591,-92.46893864076469,-92.97928565929058,-96.27663063702249,-94.7170791748797,-86.83088841097391,-88.86857812097178,-94.09028610319024,-86.45674824731753,,,,-84.81236088411413,-82.86066972285471,-95.49953361762803,,-95.84643890897888,-86.12712020204233,,,-91.72640342975579,,,,,,,,,,,,,,,,,,,,,,,,,,,,,,,,,,,,,,,,,,,,,,,,,,,,,,,,,,,,,,,,,,,,,,,,,,,,,,,,,,,,,,,,,,,
2014-08-31,-76.38063044185023,-57.8190482137401,-90.86815327518522,-82.68718842087425,,,,,,,,,-93.13593340139204,-94.01350489747392,-85.19178772420553,-92.68634137430413,-93.29038882766312,-96.29518573560452,-95.04558561519083,-87.26057588092338,-88.53775458148941,-94.37564451693193,-85.99489808390084,,,,-84.40027957949493,-83.74655928815369,-95.23512140493365,,-95.89532686019241,-85.9008940350402,,,-92.227399287212,,,,,,,,,,,,,,,,,,,,,,,,,,,,,,,,,,,,,,,,,,,,,,,,,,,,,,,,,,,,,,,,,,,,,,,,,,,,,,,,,,,,,,,,,,,
2014-09-30,-74.42314732824757,-59.52531074855715,-89.45947446583702,-82.99361443202258,,,,,,,,,-93.29813380895003,-93.78448271320781,-84.77729566494533,-97.00994186455081,-94.16832129227495,-96.30620738708883,-93.92074844493251,-87.942388063392,-89.13182061580456,-94.30364952606853,-85.65862389833607,,,,-81.37591715662971,-84.65762096483043,-95.24578605615221,,-96.0547519023404,-86.32495906534447,,,-92.50659785678549,,,,,,,,,,,,,,,,,,,,,,,,,,,,,,,,,,,,,,,,,,,,,,,,,,,,,,,,,,,,,,,,,,,,,,,,,,,,,,,,,,,,,,,,,,,
2014-10-31,-74.41865649928008,-63.845637491418,-89.88819325091065,-82.29973545065059,,,,,,,,,-93.41388761850115,-93.89065409165455,-85.04768219386035,-96.67637593780744,-93.38952102514956,-96.25489933042964,-93.37031598760429,-87.77503343839092,-89.06723331695541,-94.37698228807814,-85.70238991838656,,,,-81.8951822608485,-85.26120335209117,-95.4904369903326,,-95.84597274507749,-86.18226398273463,,,-91.7227424337419,,,,,,,,,,,,,,,,,,,,,,,,,,,,,,,,,,,,,,,,,,,,,,,,,,,,,,,,,,,,,,,,,,,,,,,,,,,,,,,,,,,,,,,,,,,
2014-11-30,-75.7251356240982,-63.42438001587732,-90.20189125404512,-82.4653464702596,,,,,,,,,-94.83825392152656,-93.7656273824807,-84.89528560575675,-96.54913935326955,-93.94992688051201,-96.47199641457996,-93.3159776218207,-87.30593933679944,-90.08856969433161,-94.42639602803402,-85.70345335386057,,,,-82.39322869903772,-84.95427094640216,-95.48286383346972,,-95.80807946670588,-86.78487396764521,,,-91.7519969731141,,,,,,,,,,,,,,,,,,,,,,,,,,,,,,,,,,,,,,,,,,,,,,,,,,,,,,,,,,,,,,,,,,,,,,,,,,,,,,,,,,,,,,,,,,,
2014-12-31,-74.4215290195032,-63.4854624338389,-89.42989913079549,-81.6141375192567,,,,,,,,,-94.51325110234043,-93.65674204791128,-84.90701742631987,-96.58479975462477,-94.08494110023578,-96.20061448702644,-92.62244430848588,-86.75193702328544,-89.67450269104062,-94.27636536048043,-85.25820291070161,,,,-83.61681215206862,-83.75486077844037,-94.29507789755723,,-96.02410457408443,-86.30978395352987,,,-88.77404399874848,,,,,,,,-75.53197820742962,-89.62104805101508,,,,,,,,,,,,,,,,,,,,,,,,,,,,,,,,,,,,,,,,,,,,,,,,,,,,,,,,,,,,,,,,,,,,,,,,,,,,,,,,,,
2015-01-31,-75.52451061088126,-64.25214542799213,-90.0024780836664,-81.8995913637125,,,,,,,,,-94.50033172140047,-93.7585257212615,-85.16774475653082,-96.73895163179034,-93.23004791851764,-96.36470057989386,-92.66719443120759,-86.81580526321085,-89.9119003297476,-94.69583220210419,-85.1940439572323,,,,-84.1950960815648,-86.95225966936263,-94.33513733948018,,-95.89014957443594,-86.19779639780795,,,-89.07714919786498,,,,,,,,-79.20214502790866,-90.00638018895789,,,,,,,,,,,,,,,,,,,,,,,,,,,,,,,,,,,,,,,,,,,,,,,,,,,,,,,,,,,,,,,,,,,,,,,,,,,,,,,,,,
2015-02-28,-74.59119995185617,-66.26456755097105,-89.6121517492453,-81.78051800554267,,,,,,,,,-94.20796254921277,-94.16481769438718,-84.92124341775637,-96.58519574939058,-92.92675888981604,-96.12437564455873,-92.79556085483077,-86.34720036421142,-88.65097474838474,-94.71760624680257,-85.28878020592947,,,,-81.33549647553087,-83.04185053333256,-94.39931059102042,,-95.88534423716817,-85.7174837370908,,,-88.6593786059063,,,,,,,,-77.47739815041767,-89.73638455508582,,,,,,,,,,,,,,,,,,,,,,,,,,,,,,,,,,,,,,,,,,,,,,,,,,,,,,,,,,,,,,,,,,,,,,,,,,,,,,,,,,
2015-03-31,-74.28526302124436,-65.56818239667064,-88.91745180595856,-82.62907873749815,,,,,,,,,-94.16259972047183,-94.69858430231938,-84.84389085186535,-96.48960472547502,-93.21740673140434,-95.9303987930714,-92.74376166437388,-88.25039576805067,-88.87670493605863,-95.09680340584163,-85.55951824241995,,,,-81.19348764779242,-83.00597264629072,-94.73397097774807,,-95.99330010326867,-85.15499696822609,,,-89.43207989412814,,,,,,,,-75.87378595413783,-89.64926554628809,,,,,,,,,,,,,,,,,,,,,,,,,,,,,,,,,,,,,,,,,,,,,,,,,,,,,,,,,,,,,,,,,,,,,,,,,,,,,,,,,,
2015-04-30,-75.07441518441503,-64.45523601239105,-89.45787463132807,-82.86912833545172,,,,,,,,,-94.35818964332921,-95.09947375459932,-84.45806469311921,-96.41929945882544,-94.16446541557393,-96.1089581918971,-92.91759271811013,-88.41149689535418,-88.95593434446425,-94.68858319587868,-85.38532414475688,,,,-83.1456509881536,-84.59542046885234,-94.43208640667052,,-96.10388288310213,-85.06980633954747,,,-88.69595393746513,,,,,,,,-78.30841204187367,-90.28922221508837,,,-72.46411547197954,,,,,,,,,,,,,,,,,,,,,,,,,,,,,,,,,,,,,,,,,,,,,,,,,,,,,,,,,,,,,,,,,,,,,,,,,,,,,,,
2015-05-31,-74.6702103913008,-64.2526518303146,-88.62829135878343,-83.54775224272588,,,,,,,,,-95.04239408513952,-95.17493295067246,-84.54902789330728,-96.52107922733633,-94.5610639940142,-96.31933277935826,-92.74797059578549,-88.8745240300507,-89.97037077842037,-94.65892182022495,-85.4205545563659,,,,-84.5993343795019,-79.1931824865998,-94.33988523815005,,-96.08941687712745,-85.80261100242313,,,-88.9632063624419,,,,,,,,-77.6027803749564,-90.10482718602366,,,-69.58583193949258,,,,,,,,,,,,,,,,,,,,,,,,,,,,,,,,,,,,,,,,,,,,,,,,,,,,,,,,,,,,,,,,,,,,,,,,,,,,,,,
2015-06-30,-74.39549994100503,-64.85842171968143,-89.1571284875115,-84.31178719154147,,,,,,,,,-94.15287445308634,-94.99636824836746,-84.83139502385102,-96.40302954202527,-94.82951232501242,-96.56563724226179,-93.36105607425273,-89.26768638541539,-89.89552663906143,-94.55448698835195,-86.1311186040115,,,,-83.68102337189748,-80.35586811920949,-94.36423754557832,,-96.55775106612055,-85.22519576088271,,,-88.89536800811894,,,,,,,,-81.94897333856669,-90.72398389450917,,,-69.24079540530427,,,,,,,,,,,,,,,,,,,,,,,,,,,,,,,,,,,,,,,,,,,,,,,,,,,,,,,,,,,,,,,,,,,,,,,,,,,,,,,
2015-07-31,-74.84078288469128,-68.3772274876302,-88.3094852604416,-84.61863517757102,,,,,,,,,-94.35227768475053,-95.2059117728215,-85.60455728168287,-98.00966504336859,-96.439990707854,-96.88773090081129,-93.19052692374781,-90.60742792635507,-89.65747330187618,-94.30860720805396,-86.17415553832971,,,,-83.38395942022355,-90.3067531608622,-94.58601326582877,,-96.66194375759245,-85.28229912662358,,,-86.90204265888387,,,,,,,,-76.68891978642142,-89.75991643677291,,,-80.30192184324369,,,,,,,,,,,,,,,,,,,,,,,,,,,,,,,,,,,,,,,,,,,,,,,,,,,,,,,,,,,,,,,,,,,,,,,,,,,,,,,
2015-08-31,-74.69098105443128,-68.25928463874087,-88.44850552875327,-84.86794680343978,,,,,,,,,-95.72670821616951,-94.81031947148894,-85.18601161053427,-97.21997904080128,-91.9701151521841,-96.95919242224878,-93.21904603442111,-90.4240899519437,-89.79192104682164,-94.46623082331607,-86.23545379207383,,,,-84.2713949279057,-89.13191674197068,-94.55477463588416,,-96.5886289947092,-86.58945795712211,,,-87.62451708942235,,,,,,,,-78.34116080598615,-90.50268923344532,,,-75.36482492370686,,,,,,,,,,,,,,,,,,,,,,,,,,,,,,,,,,,,,,,,,,,,,,,,,,,,,,,,,,,,,,,,,,,,,,,,,,,,,,,
2015-09-30,-76.4752165143398,-68.37043827742926,-89.0457385396975,-85.12322623457138,,,,,,,,,-95.14774604308946,-95.35764033356928,-85.56680656801382,-97.3523649638413,-91.97938533806425,-96.94925913723489,-93.77821914582682,-90.43517399065978,-89.96263826795537,-94.48684037210887,-86.34735551269283,,,,-81.72510484068616,-89.65269892148866,-94.12888268731065,,-96.65977981006749,-85.87808477202965,,,-89.44056625066365,,,,,,,,-79.30819236271105,-90.48017229213148,,,-74.89525262979758,,,,,-89.57607849929569,-91.86634664207192,-94.80464560338092,-88.38430962452811,,,,,,,,,,,,,,,,,,,,,,,,,,,,,,,,,,,,,,,,,,,,,,,,,,,,,,,,,,,,,,,,,,,,,,,
2015-10-31,-76.64643200820134,-67.80143646109367,-88.48314853133209,-84.75286036631427,,,,,,,,,-95.34182750227919,-95.69234311550603,-85.35369298546102,-97.49751816391878,-91.74758975701474,-96.83101432071727,-93.62913228072729,-90.59267842889962,-90.79566237626655,-94.63541395265717,-86.02707948607767,,,,-83.94246212542944,-88.3220817663918,-94.63920991814447,,-96.70601107061452,-86.27490292222049,,,-89.09259131283572,,,,,,,,-78.48834843290298,-90.39547584545345,,,-81.45833785712108,,,,,-91.31306549319946,-91.05941509697607,-94.88562696484426,-88.1160547210481,-97.12737552432495,-90.45535643734998,-82.0623266655095,-97.27542704906095,,,,,,,,,,,,,,,,,,,,,,,,,,,,,,,,,,,,,,,,,,,,,,,,,,,,,,,,,,,,,,,,,,,
2015-11-30,-77.24870565990493,-69.87945483394684,-88.40923750164133,-85.69108556375816,,,,,,,,,-95.42799229948263,-95.64655382911307,-85.79944620892486,-97.91863515204363,-91.81025832349283,-96.68092313100648,-93.59973561133829,-90.46921966622106,-91.04363756003492,-95.04762260574203,-86.4935348385729,,,,-86.79225114339548,-83.43133219553594,-95.40527614646105,,-96.78882558762669,-85.51765948037847,,,-89.99409570024186,,,,,,,,-78.53507141017212,-90.60300542549712,,,-52.82908997234854,,,,,-93.50938740440925,-91.53659725848861,-95.16009185574411,-88.30567758458777,-97.28100178203992,-89.67284378452524,-82.73596271470218,-97.30699131270394,-85.69365316926553,,,,,,,,,,,,,,,,,,,,,,,,,,,,,,,,,,,,,,,,,,,,,,,,,,,,,,,,,,,,,,,,,,
2015-12-31,-75.62127757433333,-69.26725393147784,-87.41722755786714,-85.54597944149477,,,,,,,,,-94.68042760495288,-95.29220938599723,-85.14090585443687,-97.4004008100131,-92.4439110368301,-96.65127990234845,-93.42481875031234,-90.12026732219832,-91.05769672842159,-95.07077146695474,-86.05416837294803,,,,-86.01231072897686,-83.6328915374038,-94.30594570295139,,-96.70597307332791,-84.79628746159422,,,-89.17381161588804,,,,,,,,-75.74266725094509,-90.10128288395242,,,-51.53582981233282,,,,,-93.01740058115183,-91.6910977346657,-95.23689755286166,-87.94465795568719,-97.41587547869729,-89.15063284825304,-83.51219662537015,-97.29627365759727,-84.83744124754544,,,,,,,,,,,,,,,,,,,,,,,,,,,,,,,,,,,,,,,,,,,,,,,,,,,,,,,,,,,,,,,,,,
2016-01-31,-75.96667188548453,-69.77588310346536,-87.62615717947237,-86.00035746694171,,,,,,,,,-94.77145319206615,-94.98449050556883,-85.47775100823637,-97.37707876206208,-92.87193792348296,-96.50481960751716,-93.24960343838221,-90.4585028416148,-91.51188571155839,-94.9354691847615,-86.43063456052882,,,,-83.97992656708799,-91.91455992975715,-94.42594000423834,,-96.67777966814842,-84.78842131088227,,,-88.91686665134264,,,,,,,,-76.6599739111304,-90.09499245823699,,,-75.80372334346451,,,,,-91.85530306225017,-92.90173586990494,-95.19561257551348,-86.17804842810288,-97.01085514653896,-89.3220485802783,-83.70453030337848,-97.31101622488843,-86.2694390602827,,,,,,,,,,,,,,,,,,,,,,,,,,,,,,,,,,,,,,,,,,,,,,,,,,,,,,,,,,,,,,,,,,
2016-02-29,-75.65307605440817,-69.1765924563567,-88.58640445716001,-84.93469236771361,,,,,,,,,-95.01542661913446,-94.40678482383755,-84.9203012319541,-97.50029242682673,-93.27386620289201,-96.35431785266941,-93.24389261407313,-89.63294119757167,-91.65599449876346,-94.34841189389692,-86.16453930161107,,,,-83.77266517719275,-90.35819620094564,-94.01797047993438,,-96.71645153178858,-84.3053940398442,,,-88.46990822587033,,,,,,,,-76.73845654890434,-89.04126147685824,,,-70.43242836008383,,,,,-92.08888832946694,-92.3093105401289,-94.52276067722126,-86.41632706872534,-97.2300994140241,-89.53915458713541,-83.55074224518624,-97.23979207490025,-85.67333512765603,,,,,,,,,,,,,,,,,,,,,,,,,,,,,,,,,,,,,,,,,,,,,,,,,,,,,,,,,,,,,,,,,,
2016-03-31,-76.00749839550468,-68.09954027388056,-87.00085975374992,-84.59406455091818,,,,,,,,,-94.68725216542404,-94.63640631086507,-84.6570738891424,-97.1294445668812,-92.46986781338082,-96.3355713881224,-93.10702537002093,-89.76601532060464,-90.96644505011074,-94.29478913883312,-86.00126209817911,,,,-83.97351448204743,-89.30440756676533,-94.29987262013492,,-96.70904722448435,-84.33072833066808,,,-87.1945076912017,,,,,,,,-75.89742470728793,-88.31105792307591,,,-68.12178512141007,,,,,-92.10564852007938,-93.10582033861081,-94.36096717571571,-85.1220803974593,-97.19481128295405,-88.35933558717316,-80.34602505314152,-97.24752688427009,-85.35431108901872,,,,,,,,,,,,,,,,,,,,,,,,,,,,,,,,,,,,,,,,,,,,,,,,,,,,,,,,,,,,,,,,,,
2016-04-30,-77.23375947588893,-67.96958506427166,-87.36025126447693,-85.02761835116328,,,,,,,,,-94.77521267120741,-94.76245886658462,-85.0915677602592,-97.10085702348188,-92.61613657442759,-96.15431208015615,-93.07831732181269,-90.30072305480549,-90.90926947957648,-94.32022144212866,-86.36647100824135,,,,-82.89969990334917,-90.12468996191137,-94.25808370862578,,-96.71725217916874,-85.08014905777287,,,-86.16873153345088,,,,,,,,-77.33083315508175,-88.74022002292591,,,-83.15383225986507,,,,,-91.00977543311255,-93.08853191942084,-94.4993320650917,-85.68167847686296,-97.06107540657152,-89.40434201341577,-82.49148158304733,-97.32358105520093,-84.9429943284011,,,,,,,,,,,,,,,,,,,,,,,,,,,,,,,,,,,,,,,,,,,,,,,,,,,,,,,,,,,,,,,,,,
2016-05-31,-77.11266601214923,-68.64434093379987,-87.92206656790212,-85.25575166660062,,,,,,,,,-94.95628935268763,-94.51587757338707,-85.70950952991232,-97.38684055326934,-92.96553509771212,-96.33705045453182,-92.86061444935268,-90.48905929369916,-90.76736978910556,-94.4052494756283,-86.23848707713273,,,,-83.17504825321595,-86.16513387914155,-94.42423199581798,,-96.77044844971297,-85.86648815804995,,,-86.13954180253549,,,,,,,,-77.68168641573153,-88.3403977012337,,,-81.11706548369334,,,,,-90.71939827839728,-93.21658788386675,-94.62832612377807,-85.42223717308048,-97.1909397015424,-89.84765325356818,-83.01143882880584,-97.35147456765483,-85.24501606379586,,,,,,,,,,,,,,,,,,,,,,,,,,,,,,,,,,,,,,,,,,,,,,,,,,,,,,,,,,,,,,,,,,
2016-06-30,-77.12282053799309,-68.8371535892829,-88.19206093539822,-85.33342553316214,,,,,,,,,-94.74072262331073,-94.98772849152499,-85.72429878059658,-97.1240866427476,-93.4055297350732,-96.53803383484603,-93.19570538809529,-90.4826419304281,-90.7584092467617,-94.59044586082464,-86.33550429116956,,,,-84.33068633105471,-87.12826914846171,-94.4630566198176,,-96.95648920500217,-85.46727374372463,,,-90.44300096721634,,,,,,,,-78.90929784691251,-89.76882433327003,,,-81.88399010017247,,,,,-89.9271644779749,-93.0769857495245,-94.84243542065394,-84.30489544235289,-97.2165024158264,-89.7579184796554,-82.10055905272057,-97.35120177275377,-85.67045853855403,,,,,,,,,,,,,,,,,,,,,,,,,,,,,,,,,,,,,,,,,,,,,,,,,,,,,,,,,,,,,,,,,,
2016-07-31,-77.08153905450966,-69.16711897206969,-88.58574756090441,-84.30413176928893,,,,,,,,,-94.6059964096573,-94.24659717525095,-85.31218443225318,-97.01795173844218,-93.58976857410906,-96.52046308389347,-92.98344494484527,-88.21732140779008,-90.08789577297155,-94.23917717328077,-86.4674274247895,,,,-82.97599346448116,-90.06854906863839,-94.15927823822751,,-96.07540544141843,-85.12409381597458,,,-89.65442943326356,,,,,,,,-76.13309338405601,-89.41513034666777,,,-82.43256875634692,,,,,-89.45264458407182,-92.87882032293213,-94.48132039157286,-80.80015278673855,-97.134875189586,-88.69256175447003,-81.98705713475948,-97.24629431787667,-85.86286005589902,,,,,,,,,,,,,,,,,,,,,,,,,,,,,,,,,,,,,,,,,,,,,,,,,,,,,,,,,,,,,,,,,,
2016-08-31,-77.52787298010095,-69.28475615410868,-88.27888375961936,-84.0138032748474,,,,,,,,,-94.70681478564737,-94.42455354169641,-85.66605118561132,-97.16899275749454,-93.87968334724562,-96.39938415392385,-93.12280066341107,-89.21609105141117,-90.1508341977679,-94.16307271023207,-86.8155397662657,,,,-83.36714912090756,-86.29146830050072,-94.34921782476599,,-96.5153786306766,-84.54330632305292,,,-89.41610241761255,,,,,,,,-76.12224977445447,-89.07684147072383,,,-72.94783048416448,,,,,-89.41595081829823,-92.983294008983,-94.40721502475779,-80.76905815501415,-97.31018712205223,-88.47914341323718,-83.1231172561178,-97.25510328465556,-86.73823913379613,,,,,,,,,,,,,,,,,,,,,,,,,,,,,,,,,,,,,,,,,,,,,,,,,,,,,,,,,,,,,,,,,,
2016-09-30,-74.28998139890957,-70.18332642421112,-88.47422030886209,-84.05576859333988,,,,,,,,,-94.65018492016894,-94.29851875774573,-85.95506080028902,-96.99048928119895,-93.64840793062102,-96.38244559137985,-92.94914319488434,-89.4886705529756,-90.4830184120081,-94.12637488917414,-86.84539120056577,,,,-75.61359063370053,-86.15308358450879,-93.92174919562164,,-96.61418740007866,-84.54203089673639,,,-88.41758906671922,,,,,,,,-76.41026080561713,-88.95652281429645,,,-72.8219898423051,,,,,-88.29664854083751,-93.06137928491093,-94.44161876742595,-80.47299345148755,-97.24155622499039,-88.3798141502187,-83.65447823762157,-97.30130212722536,-86.70886764453203,,,,,,,,,,,,,-91.55738965489182,,,,,,,,,,,,,,,,,,,,,,,,,,,,,,,,,,,,,,,,,,,,,,,,,,,,,
2016-10-31,-74.75301347465317,-29.72754728368143,-86.96270833416561,-83.31539765597657,,,,,,,,,-94.8364966804398,-94.15430761525444,-86.09981777456072,-97.12102653108697,-93.93498140307004,-96.27806863908394,-92.96439339187178,-89.08893597543998,-90.11172528560817,-93.97072084270353,-87.35238267405354,,,,-75.06873608868202,-85.99822365575282,-93.71037263523462,,-96.59171026377192,-85.85539481982833,,,-86.62845329147291,,,,,,,,-76.70516223614504,-89.1686701801972,,,-81.83493588026452,,,,,-87.81207904480958,-93.22493438106297,-94.19864331793454,-80.75557618342906,-97.42448873362626,-89.05941122274258,-81.25471787800096,-97.2542432847727,-86.50945010345677,,,,,,,,,,,,,-91.44394371119371,,,,,,,,,,,,,,,,,,,,,,,,,,,,,,,,,,,,,,,,,,,,,,,,,,,,,
2016-11-30,-75.0231183973782,-34.7146196325208,-87.53714431568888,-83.24273758600415,,,,,,,,,-94.98508692108604,-93.83239790855193,-85.89416521306237,-97.11867383628784,-94.01729673893023,-96.15989787240252,-93.05350701055137,-88.5548396936774,-90.27016528759505,-94.04905833701612,-87.14358701589376,,,,-74.04282286647582,-79.5875497079105,-93.89862717133293,,-96.66720153929496,-85.36484117317424,,,-87.0386275773487,,,,,,,,-77.31539292440102,-89.62055865818105,,,-76.20001575806178,,,,,-88.23414231716768,-92.80805726892018,-94.31655334128352,-81.04976426156662,-97.54155504694256,-89.04484916416425,-81.77003408776152,-97.22759077599623,-85.97029542691998,,,,,,,,,,,,,-91.73664301326558,,,,,,,,,,,,,,,,,,,,,,,,,,,,,,,,,,,,,,,,,,,,,,,,,,,,,
2016-12-31,-73.75497216161875,-32.97382608564518,-86.71916480552338,-82.56183245998706,,,,,,,,,-93.8554422514192,-94.45244897989711,-85.02042416163538,-96.87660539770151,-94.64957008534869,-95.80382129507569,-93.12733705620522,-87.33447644369,-89.08217502196341,-94.01195623848862,-87.00872124940742,,,,-74.25863836270752,-78.80047131274696,-93.88240359637864,,-96.24151450980004,-87.45511623779771,,,-89.23789377327813,,,,,,,,-75.03856575416309,-88.30377496573833,,,-75.7467310668544,,,,,-86.89129196629736,-92.50712852169701,-94.28142033011484,-83.37459124797958,-97.47979764557108,-89.03422960956375,-82.58709466928396,-97.09524692307849,-85.35420160983114,,,,,,,,,,,,,-90.93467381146606,,-72.66203853401069,-89.52880096771082,,,,,,,,,,,,,,,,,,,,,,,,,,,,,,,,,,,,,,,,,,,,,,,,,,
2017-01-31,-74.68793327249575,-36.8201803882172,-86.92403043345125,-82.21978709021292,,,,,,,,,-93.47648540443103,-94.42619257824964,-84.71092732757316,-96.75731619376337,-93.95399050071853,-95.74360063372944,-93.1629322255442,-86.78898106329076,-88.58807216537747,-94.1456169721841,-86.82759991374266,,,,-76.0068451580349,-80.9223664295416,-94.03433085488604,,-96.4954646131232,-77.94799283735826,,,-89.30150019720924,,,,,,,,-75.0283696364139,-88.59961358041788,,,-79.58731274507747,,,,,-86.95266018979518,-92.23708118931933,-94.35510595749159,-82.53911567836091,-97.52145985598537,-88.92389182188248,-84.29286493619028,-97.05634009805722,-86.33267250354946,,,,,,,,,,,,,-91.02591642426039,,-73.01252609455172,-90.82151192249769,,,-94.5968390294894,,,,,,,,,,,,,,,,,,,,,,,,,,,,,,,,,,,,,,,,,,,,,,,
2017-02-28,-74.72072452215104,-33.90926431760001,-86.60448636134187,-82.19418489578298,,,,,,,,,-93.2664218175909,-94.57928533690222,-84.71793178749651,-96.52792563210004,-94.79329309373097,-95.26744440341598,-93.13358870038641,-87.33644075204364,-88.10933617485898,-93.9467049157367,-86.89633437542962,,,,-76.84637188856357,-73.0445770829883,-93.99424998085102,,-96.14376187782244,-78.8080549652271,,,-88.92776963825287,,,,,,,,-74.89062099870009,-88.3767106409164,,,-73.54529859343602,,,,,-87.40842780123263,-92.2021021123787,-94.23991790333449,-82.45538198437406,-97.34645242168769,-89.34497979588458,-83.4909360398104,-97.03479087421286,-86.66958983888232,,,,,,,,,,,,,-90.73697769790859,,-74.81011480188617,-91.1696063416867,,,-94.79495141610971,,,,,,,,,,,,,,,,,,,,,,,,,,,,,,,,,,,,,,,,,,,,,,,
2017-03-31,-74.81717874755496,-33.34559106618949,-86.85674727527633,-81.68154132478257,,,,,,,,,-93.34473407894914,-94.15428148399185,-84.63812364754492,-96.50289948164114,-94.66423903307356,-95.42694731506752,-93.081701441709,-87.34539621244089,-88.31872633804163,-93.65742492341717,-86.73349272010519,,,,-78.19436733271394,-73.5005554138061,-94.01557022258969,,-96.2463457735333,-78.01721659976403,,,-89.0433074744095,,,,,,,,-75.030373513286,-88.388805165356,,,-73.92735105024158,,,,,-87.3734151855973,-91.98513754752469,-93.89266296383155,-82.63445705094797,-97.18505407843743,-88.92902849159854,-84.6369818784213,-97.01192194500126,-87.37086587978945,,,,,,,,,,,,,-90.89536319485511,,-76.51695059391452,-92.25878917978173,,,-94.32888394930583,,,,,,,,,,,,,,,,,,,,,,,,,,,,,,,,,,,,,,,,,,,,,,,
2017-04-30,-75.60440110881599,-34.587692983786255,-86.70168316302929,-81.78813495946763,,,,,,,,,-93.51265585737889,-94.22556130760577,-82.06361550221636,-96.53979343652442,-83.44023507932525,-95.64829666739038,-93.15856468469572,-87.42098788799453,-88.559342749105,-94.07533596897835,-86.88810011604987,,,,-79.69101066641346,-79.38288318924496,-93.87171369285964,,-96.47997475783836,-79.23320811797541,,,-88.90642240974643,,,,,,,,-74.71501660488259,-89.16104284889153,,,-80.34354841590002,,,,,-87.6570520339811,-92.09114810473626,-94.3763766409317,-82.69111025850799,-97.24978566365118,-89.27957297577856,-82.86861391736775,-96.93425051272797,-88.10305282887431,,,,,,,,,,,,,-91.34662060961774,,-75.97677753807167,-93.27503076437326,,,-94.41834985607419,,,,,,,,,,,,,,,,,,,,,,,,,,,,,,,,,,,,,,,,,,,,,,,
2017-05-31,-75.79040357236698,-34.41955787317393,-86.69438084335584,-82.42921012265597,,,,,,,,,-93.56203348400673,-94.16962614080886,-86.33876120584593,-96.85817537720773,-96.9217814188502,-95.64103698084635,-93.12251498997492,-87.22592555254445,-88.79459336750838,-94.23993218835912,-87.55096172027777,,,,-80.06871345940925,-73.38700030274373,-93.87685910734776,,-96.46083049097881,-79.36044921889902,,,-89.52545293939743,,,,,,,,-74.97632588866364,-89.49888622171858,,,-74.78567286146634,,,,,-87.66634813559068,-92.38854678085684,-94.5627295763815,-82.8987224212666,-97.5307203397553,-89.2768468335702,-81.48327723568465,-97.01892877856325,-88.03975216172805,,,,,,,,,,,,,-91.70119118212587,,-76.07097749865125,-93.20174103924842,,,-94.47929152261949,,,,,,,,,,,,,,,,,,,,,,,,,,,,,,,,,,,,,,,,,,,,,,,
2017-06-30,-73.71406714481718,-37.76300437117659,-86.77332539132648,-81.75380363341851,,,,,,,,,-93.86024986868321,-94.28517814096976,-83.80141844017558,-97.17236532523559,-96.83935502365334,-95.57126933885083,-93.2310917262811,-86.24011288038562,-87.1441178774182,-94.32011448190354,-87.30780006560882,,,,-81.48360223684548,-72.6135939966711,-93.89473682038603,,-96.6947911141457,-79.73834769395232,,,-88.92405945324866,,,,,,,,-77.12038162727858,-89.93288486000938,,,-74.06689320847126,,,,,-88.99744813182245,-91.86323984313374,-94.420043561696,-86.98068310419754,-97.78473681019466,-88.51042065873864,-81.23138841889691,-96.90694937814297,-88.35538238654529,,,,,,,,,,,,,-91.34862645336402,,-75.35897609563185,-93.65539162518604,,,-94.30082596065486,,,,,,,,,,,,,,,,,,,,,,,,,,,,,,,,,,,,,,,,,,,,,,,
2017-07-31,-74.17767897665587,-37.45014336032002,-86.88817569576828,-82.05783763142341,,,,,,,,,-94.0503438163457,-94.89242667037104,-84.07976786650359,-97.25280539219818,-97.45332837850673,-95.6989736366886,-93.24957410634231,-86.43826971797027,-87.15583435624113,-94.26784200877101,-86.9301402850912,,,,-82.66868048811264,-76.12072073075925,-94.01027304051009,,-96.56279767794197,-79.02650665418861,,,-89.01500936313423,,,,,,,,-77.22201821725014,-90.46572780854427,,,-80.09102574872037,,,,,-89.23477868563486,-91.96829329604861,-94.28288530179384,-86.28097563635104,-97.77110464365468,-89.2303350998596,-82.40640200817793,-96.98739961239748,-89.94218071994389,,,,,,,,,,,,,-91.44308494726633,,-80.12395031001131,-94.21899035065279,,,-94.5680050671992,,,,,,,,,,,,,,,,,,,,,,,,,,,,,,,,,,,,,,,,,,,,,,,
2017-08-31,-74.30557689119306,-37.89550991451423,-87.24875652557546,-82.54805305793575,,,,,,,,,-94.1199004754271,-95.32131812722912,-84.28135958655841,-97.23190338497638,-97.8998966555344,-95.88791675237451,-93.47477249249492,-86.447122393708,-87.10540195764364,-94.32780623860575,-86.78122078511859,,,,-82.33361420218972,-69.53993539439671,-93.993923677865,,-96.65227097669327,-78.96016240204679,,,-89.32254524566056,,,,,,,,-76.7907357677116,-90.45182016038586,,,-72.16114826680946,,,,,-89.4834902916558,-91.96149542391663,-94.37306170037544,-86.11014116576989,-97.65972260443132,-89.30324739303767,-82.09622582781333,-97.05107859498882,-88.82299948589664,,,,,,,,,,,,,-91.52298554627602,,-64.77509317679029,-93.9326872532397,,,-94.40369594459133,,,,,,-85.18447667131893,-93.69388512456841,-83.48265359955043,,,,,,,,,,,,,,,,,,,,,,,,,,,,,,,,,,,,,,,
2017-09-30,-75.13031176983554,-79.8026915654419,-88.27161457380767,-82.38651211549235,,,,,,,,,-94.12727071207833,-95.53127266898254,-85.22869784696232,-97.1585221724185,-97.8964883325704,-95.98244254647601,-93.61269340754684,-86.20704100701111,-87.38852674213945,-94.49587117844474,-87.08367017328796,,,,-82.33842812498737,-72.2618462517457,-93.67067644914934,,-96.81909793940761,-78.52365591493228,,,-89.87512113908649,,,,,,,,-76.70351994031415,-89.9407822787572,,,-72.24768016122606,,,,,-90.47734241586429,-92.44723110193786,-94.49455103416362,-86.27278031721512,-97.54695179206936,-89.32212661704693,-83.02994387968904,-96.96319769550621,-88.28319592617504,,,,,,,,,,,,,-91.38621309502186,,-66.78166351864093,-92.89472318188417,,,-94.33903215222409,,,,,,-85.28441704112053,-93.6770898329553,-83.21760269039842,,,,,,,,,,,,,,,,,,,,,,,,,,,,,,,,,,,,,,,
2017-10-31,-75.55607636713796,-80.45025181358238,-88.7226150732244,-83.02160405691629,,,,,,,,,-93.98836846822195,-95.89043892714216,-85.26379129591345,-97.14258332722108,-97.90786703204303,-95.99302767864336,-93.678247886523,-86.42301414118451,-87.50185603895355,-95.05511955530216,-87.28596328979096,,,,-81.03020717769186,-83.5127475222392,-93.55975268768405,,-96.64293053826799,-78.09031355591507,,,-89.52510906199753,,,,,,,,-76.38751214589578,-89.76288018617669,,,-78.54854891977001,,,,,-90.91194272878916,-92.0735217125605,-95.14127393686576,-86.11096941977976,-97.6054316623617,-89.41904691105564,-83.20186736386445,-96.98502982712948,-87.28085792347674,,,,,,,,,,,,,-91.4830337226111,,-67.35255390876418,-91.3810016182216,,,-94.34528745440562,,,,,,-85.83618979270476,-93.87943668204699,-80.4496089697926,,,,,,,,,,,,,,,,,,,,,,,,,,,,,,,,,,,,,,,
2017-11-30,-75.75887778476944,-77.23254031464649,-88.45286194104845,-83.16515389602932,,,,,,,,,-93.85571392321282,-95.85107791491194,-85.53556860444135,-97.18146154812067,-97.72725912814701,-96.02364140755321,-93.6901765701656,-86.35597659727546,-87.14120620675614,-94.85740745457346,-87.3816597246703,,,,-79.76940767509905,-80.8239485122648,-93.57155303884556,,-96.65609864127109,-79.08937310673907,,,-89.85142675696926,,,,,,,,-75.37207368956906,-88.85896432552461,,,-70.16971999276316,,,,,-90.66774916069515,-92.09915099518973,-94.9583290799646,-86.47324668895966,-97.5409898644497,-89.46455697637155,-81.95463013410324,-96.99799354713922,-87.35275887968342,,,,,,,,,,,,,-91.35796689857278,,-66.35463079708383,-90.9875848487174,,,-94.66211884181871,,,,,,-85.81158926069168,-93.97506479531177,-81.02256456211303,,,,,,,,,,,,,,,,,,,,,,,,,,,,,,,,,,,,,,,
2017-12-31,-74.89880847212622,-79.06542650911794,-87.81834357398816,-82.75927831451087,,,,,,,,,-93.66742018428081,-94.7743533193214,-84.84642901663949,-97.08910917305721,-97.60194994695465,-95.75811188183091,-93.22973264968715,-86.51690777236401,-86.5400639738619,-94.71599410517652,-87.09437212518438,,,,-78.54516736421665,-79.96290519809894,-93.53198211395177,,-96.7998682586299,-80.51154474519939,,,-89.3120871714891,,,,,,,,-74.1933384142036,-89.25004034276769,,,-70.23482535545364,,,,,-90.52172824963299,-91.47363274263216,-94.92092085533845,-90.33158763597783,-97.73580719216996,-89.87108415096294,-82.37704335697148,-96.94371912236008,-87.4214877614604,,,,,,,,,,,,,-90.96913198386798,,-72.7661770913209,-89.92691501849235,,,-94.5024550776269,,,,,,-85.55555792567408,-93.80554275306388,-81.10463844721482,,,,,,,,,,,,,,,,,,,,,,,,,,,,,,,,,,,,,,,
2018-01-31,-74.92610836231643,-42.561431161879995,-87.18246002338446,-82.95923506162856,,,,,,,,,-93.27768459817325,-94.71378656600722,-84.26962188070502,-96.88513682440865,-97.6650900748941,-95.75619158598042,-93.37342115929232,-86.82315792380933,-86.46413007300482,-94.72089972130088,-86.86173406511887,,,,-78.7089508041198,-83.38405954117833,-93.59321592774073,,-96.72473463818342,-80.75772434293542,,,-88.79849322128631,,,,,,,,-73.68700022414181,-89.47811663335472,,,-79.72707442611868,,,,,-90.26497281423221,-91.02237747000419,-94.95405927760531,-89.15905118546652,-97.33435933305373,-89.63813914269038,-82.55173748290903,-96.98711531895411,-89.1608421424617,,,,,,,,,,,,,-90.87425286304571,,-72.40815122048522,-90.48508053093448,,,-94.33318084308775,,,,,,-85.58271445014893,-93.87545324456529,-81.04418783151385,,,,,,,,,,,,,,,,,,,,,,,,,,,,,,,,,,,,,,,
2018-02-28,-74.06652015776305,-43.17021539535879,-87.05434345602936,-82.87724592923806,,,,,,,,,-93.4241121471849,-94.5856794118465,-84.25990871462729,-96.77247915085574,-97.82647030476913,-96.01488464971462,-93.33179981073839,-85.7906148708219,-86.87014341670807,-94.8408778312707,-86.8275790556858,,,,-80.07041944532926,-78.86237521136856,-93.48565728389046,,-96.55582234257786,-81.59107575164157,,,-88.82957388388418,,,,,,,,-73.97114500219702,-89.52394920461325,,,-71.53584547044727,,,,,-90.36507497393899,-91.31274914070583,-95.06819015206258,-89.80611031976322,-97.34992408041164,-87.54795158228752,-82.325852755433,-97.02702522546338,-91.3053577988573,,,,,,,,,,,,,-91.12563355511918,,-73.3127151755665,-92.55609900309126,,,-94.14440152077856,,,,,,-85.93105212422148,-93.85890797037389,-81.63391106363905,-95.22602492905489,-95.65654366406415,,,,,,,,,,,,,,,,,,,,,,,,,,,,,,,,,,,,,
2018-03-31,-74.45850674189285,-47.96730261963988,-87.06415419186962,-83.58561067159918,,,,,,,,,-93.1748513887003,-95.0273157599249,-84.7741467464918,-96.40944552568666,-97.52707959027224,-95.93558408922429,-93.39731807658178,-86.02672401349486,-86.91022726962086,-95.41187190439766,-87.338234816259,,,,-79.0131850885505,-79.54832902561522,-94.12664327853659,,-96.6128199700114,-83.31389546152691,,,-88.12301126943453,,,,,,,,-73.46001176555338,-90.05913161824691,,,-71.8431973419026,,,,,-91.00658627354007,-91.97451557180396,-95.39131599014434,-90.40204158586499,-97.46439420872795,-88.39331319330762,-81.2031145999055,-96.92342002720119,-84.98305770722399,,,,,,,,,,,,,-91.20906985299304,,-74.49589346759734,-89.68894648068442,,,-94.6764414219214,,,,,,-86.05797479932171,-94.22423148876199,-85.79595853308798,-95.33504537462657,-95.74449421537895,,-95.4424957877942,-92.24054806658117,,,,,,,,,,,,,,,,,,,,,,,,,,,,,,,,,,
2018-04-30,-75.32047323103237,-51.39898957833059,-87.39186287833205,-78.97709755601164,,,,,,,,,-91.61001695036319,-95.35623202780148,-84.41957765204923,-96.2495143844497,-97.37494587889054,-95.67343312798532,-93.53935672421727,-82.79086214219167,-87.17661483768595,-95.79678965115913,-88.0851318479352,,,,-78.76018061152708,-81.8263015870732,-94.40486213018883,,-96.64288217561086,-83.99882269250018,,,-86.8764730698538,,,,,,,,-74.4913084709898,-90.44706183815101,,,-79.57934795493708,,,,,-91.0101186957265,-92.4315109594245,-95.90069364970005,-91.0981987399439,-97.58105732164309,-87.69332417204673,-84.88335384929186,-96.29808358263679,-84.47361453214589,,,,,,,,,,,,,-91.30808437334456,,-75.50785951537746,-89.72529448890238,,,-93.66543808094316,,,,,,-83.14509837341635,-92.66070781951468,-83.70578077991857,-93.80988581043046,-95.8260470453724,,-93.93567766321729,-90.00944493763068,,,,,,,,,,,,,,,,,,,,,,,,,,,,,,,,,,
2018-05-31,-74.60475714001242,-52.467400840082334,-87.22722788301736,-77.88767931443397,,,,,,,,,-91.10993863400374,-95.28399666943211,-83.34482874634979,-95.47086457124405,-96.87760735270732,-95.58943643932663,-93.28683196040433,-82.28559723640019,-87.18775642930514,-95.85906232582974,-87.80377660257764,,,,-79.33247103795794,-75.29785836831209,-94.6259850159514,,-96.61615101846832,-85.04944957439284,,,-86.67716567712883,,,,,,,,-74.0124420431644,-90.21077308544555,,,-72.34125036315034,,,,,-90.85615609389123,-91.85357813786983,-95.98242789535873,-90.84487853936837,-97.79838772183317,-87.64982229987515,-84.23853178353545,-96.19162838951206,-85.85769122862708,,,,,,,,,,,,,-91.14249556406826,,-75.9624892095759,-90.88001265479052,,,-93.66303439347449,,,,,,-82.41105145421302,-92.37761030123316,-83.33863600440783,-93.54620393066034,-95.77535327824316,,-93.5633042182234,-89.55796109083181,,,,,,,,,,,,,,,,,,,,,,,,,,,,,,,,,,
2018-06-30,-74.361832607392,-49.450960756939864,-89.7237560423351,-78.97098445065015,,,,,,,,,-91.68598970546498,-95.58480434631646,-84.91475088532174,-96.11484209363316,-97.00338964935412,-95.64438230594092,-93.19553896206897,-83.47069607803456,-87.53317630096355,-95.89344419781952,-87.77499079535784,,,,-80.13775601614232,-75.6320537526671,-94.659712208537,,-96.49823501641433,-89.0279199221766,,,-89.20409247348044,,,,,,,,-78.50976290258752,-93.113675627412,,,-72.31820276927941,,,,,-91.32917578580091,-92.28440820423084,-95.9596350253227,-90.11035872372932,-97.97635354588589,-88.79748540237688,-86.00786716549288,-96.30874145709747,-87.58671863060815,,,,,,,,,,,,,-91.63230400854778,,-81.50968643338358,-90.91335908658327,,,-93.93997162332494,,,,,,-83.3408997553101,-92.68622071806843,-84.93365666679834,-93.65631434910793,-95.9516888394334,,-93.9526881804275,-90.00238143958751,,,,,,,,,,,,,,,,,,,,,,,,,,,,,,,,,,
2018-07-31,-74.6633213595477,-48.74119151273966,-86.72047858353098,-78.31620187621657,,,,,,,,,-92.04249248165223,-95.24091748630275,-85.17193240783594,-95.96280371270066,-96.93482867291348,-95.80079799691836,-93.58699936928525,-83.50923375160292,-87.71571540773245,-95.57514874166652,-87.42261916556086,,,,-80.20967319981926,-86.92302080062079,-94.42684589851994,,-96.58354129127521,-87.77557956310143,,,-89.40459778896378,,,,,,,,-77.62714842753313,-92.38219430838849,,,-73.16897693317155,,,,,-91.05001490162202,-92.44811672789558,-95.52220533433905,-85.21658953402778,-97.89322200811516,-87.57013729880492,-81.80182800524942,-96.40412397324542,-87.01750959934532,,,,,,,,,,,,,-91.5291428873973,,-80.33165414696703,-91.29894296034273,,,-93.63252890162919,,,,,,-82.79504264299986,-92.39006407567109,-84.41235914883306,-93.36780652802447,-95.73116727578973,,-93.94497068967547,-89.67880765884446,,-91.5821553625614,,,,,,,,,,,,,,,,,,,,,,,,,,,,,,,,
2018-08-31,-74.6363679573482,-47.3020541727298,-87.30729766381384,-78.44218342263862,,,,,,,,,-91.98262578853375,-95.26068490105708,-85.19071433530316,-95.91721636358368,-97.15577707074193,-95.55292191336417,-93.55700156869324,-83.8166440913577,-87.66529329770519,-95.76915294905473,-87.10703665780181,,,,-79.18101681601946,-84.58667999818086,-94.45185357273635,,-96.62787433984316,-87.58805532516796,,,-89.97296782038272,,,,,,,,-77.47695216019098,-92.08558266587508,,,-57.28184558568753,,,,,-91.24913337353264,-92.18515226396838,-95.8329487875175,-84.41816563680186,-97.8252990960282,-87.69573004430234,-88.3339662322233,-96.32284890220484,-86.13814198165534,,,,,,,,,,,,,-91.563038762561,,-81.48229993596152,-89.68950384143153,,,-94.09284718739364,,,,,,-82.98740434131811,-92.5036813203149,-84.43132620085416,-93.35650299586683,-95.84325770515255,,-93.86595196788882,-89.75148601167669,,-91.95029444257649,,,,,,,,,,,,,,,,,,,,,,,,,,,,,,,,
2018-09-30,-74.91839589643502,-50.62444294375109,-84.55925393719494,-78.9489894691899,,,,,,,,,-92.04865227362193,-95.29542938951107,-84.74285560385309,-95.80814989320774,-97.0532975961544,-95.61042245525924,-93.52441609103394,-84.95176397574903,-87.8412663884944,-95.73091726141854,-87.0950469504902,,,,-78.87317534995913,-85.00069687743557,-93.94507481819116,,-96.77197050689088,-87.81561160652566,,,-89.34832814978068,,,,,,,,-78.15047783793919,-92.2647935693011,,,-54.93731019097139,,,,,-91.60051189409667,-92.53838006911097,-95.73171036845449,-83.85026779513738,-97.84917181080706,-87.05188263183138,-86.39202302864545,-96.32800202856343,-85.35016173677927,,,,,,,,,,,,,-91.6041808879233,,-80.65605661516751,-88.7855034666623,,,-94.51405999504084,,,,,,-83.49399639391166,-92.76745786886316,-84.45047178829917,-93.5255966042261,-95.86742056980826,,-94.00376479414729,-89.96364133711964,,-92.43284960875124,,,,,-92.03845968600231,,,,,,,,,,,,,,,,,,,,,,,,,,,
2018-10-31,-74.45887224852369,-50.76899855712355,-86.34552719852526,-78.14763802535519,,,,,,,,,-92.11527715352912,-95.38403034121474,-85.47387588159857,-95.46891574650527,-97.25894637962973,-96.05914501254594,-93.79443968297784,-83.5365120154087,-88.60321588045097,-95.59772743040462,-86.5302645879811,,,,-78.84350714433758,-85.11900001010721,-93.88722086532347,,-96.30300867241566,-87.22372960660444,,,-89.13479763459209,,,,,,,,-79.2581097406136,-92.54289803161024,,,-81.47849054805576,,,,,-91.64379928210583,-92.85312285942726,-95.49523496228262,-83.95539336106906,-98.0821754203094,-86.03842628581775,-87.82416314289442,-96.05785025369022,-85.16495942733815,,,,,,,,,,,,,-91.89528536987918,,-80.9063152592727,-88.61060041340924,,,-94.79535409422967,,,,,,-82.9147180095453,-92.33660220966817,-85.50815333026172,-93.11020752130909,-95.67021800834198,,-93.31467413764578,-89.62301973933087,,-93.1708386691112,,,,,-92.71064310556272,,,,,,,,,,,,,,,,,,,,,,,,,,,
2018-11-30,-74.3014543979966,-50.095508421524634,-86.31747242252465,-78.62929410432716,,,,,,,,,-91.67452542538844,-95.22814794486612,-84.77755232148321,-95.57030857213385,-97.29911942483098,-96.170623690973,-93.6470895121338,-84.12301679835578,-88.31522042638096,-95.58576046637363,-86.19696455461673,,,,-77.91137421522622,-76.9597234816638,-93.84177507272129,,-96.34565069638083,-87.5516897947573,,,-88.68566468520476,,,,,,,,-78.02988928286268,-92.75207194025096,,,-77.7995998907116,,,,,-90.74835731513113,-92.53661469687292,-95.59238460784509,-83.5052501223466,-97.96740757562515,-85.97278320758453,-87.35348134459133,-96.00583729123133,-85.76813960203457,,,,,,,,,,,,,-91.72279482892996,,-80.73563760089719,-89.27967511880844,,,-94.3903858413395,,,,,,-82.99769060437822,-92.51494297974305,-84.48301815432873,-93.41734225976028,-95.76431049499762,,-93.39124624353198,-89.89154592740158,,-93.24965195817062,,,,,-92.70765057375824,-70.78479498901494,-91.17980994379506,-89.29169029145194,-91.78953377923402,,,,,,,,,,,,,,,,,,,,,,,
2018-12-31,-71.99650949820844,-48.96089152445098,-85.71030943703693,-78.17699872039708,,,,,,,,,-91.86835246608734,-94.97786252376606,-83.42901599499206,-95.89191873494626,-96.82797728499307,-96.10974341528025,-93.39286847731208,-87.8176593872779,-87.45529417717317,-95.21486160500639,-86.22804587471386,,,,-78.82964868525421,-76.11541264797509,-93.80786064188754,,-96.35026055265138,-86.32128639596186,,,-88.40331636143392,,,,,,,,-75.4063289194659,-92.3709822922806,,,-78.33972238865026,,,,,-90.68869854513359,-92.57804879340513,-96.33035158092416,-83.54516971503739,-97.90891492969793,-84.4879324615221,-86.41122220435437,-95.96059057138933,-86.24653420550064,,,,,,,,,,,,,-90.98114075914458,,-83.51745009149515,-90.4528112410129,,,-94.10804389175055,,,,,,-82.71847835784466,-92.46364574436522,-83.8135448386999,-93.45124175163166,-95.7453042851516,,-93.48105073296541,-89.64910750028895,,-93.0919343306664,,,,,-92.77147815839149,-72.73350166673815,-90.10167519873892,-89.27176069524327,-91.90056268151908,,,,,,,,,,,,,,,,,,,,,,,
2019-01-31,-73.1802897008997,-48.039356196305995,-85.30302409246717,-77.46161450619931,,,,,,,,,-91.31902024112098,-95.37887096003398,-83.81672780569158,-95.99140356982487,-96.65210749312499,-95.84850857551088,-93.3147657521932,-79.22579314157983,-87.31363496800488,-95.67319288569263,-86.40992798327564,,,,-78.03153546330877,-81.03930618081233,-93.96867813241968,,-96.34503863390889,-86.18241401462248,,,-88.0225424952581,,,,,,,,-74.7594130167967,-92.02295565616517,,,-87.77934483800266,,,,,-90.69507884228693,-92.5534598421776,-96.31365724432213,-81.46991668323852,-98.06170806326496,-84.75556572940073,-86.42843693449566,-95.78959477113978,-85.19385343289206,,,,,,,,,,,,,-90.82087614456283,,-67.43459198926287,-89.76808201791938,,,-94.46203515002702,,,,,,-82.47663206377374,-92.22176583002717,-83.60496110733455,-93.15678636986277,-95.72811570336778,,-93.16893147440894,-89.25023953844168,,-91.93688655630568,,,,,-93.81186847184036,-72.11629194739002,-89.76832001580135,-88.83745433367731,-91.53995614375688,-91.17800149201047,,,,,,,,,,,,,,,,,,,,,,
2019-02-28,-72.8582062400465,-46.17433384918982,-85.42014153543292,-77.88815007777262,,,,,,,,,-91.73464156461452,-95.24622881524293,-83.63033890165191,-95.98646678024872,-96.78918528853993,-95.9197118175796,-93.55754591657464,-79.79918252773426,-88.2476112012452,-95.59761014997794,-86.29136010830271,,,,-77.93215803998807,-76.9726288087417,-93.84154955909446,,-96.25281102733719,-86.16298266358127,,,-88.84434926035968,,,,,,,,-75.08905074861924,-92.24424881638359,,,-85.25358455204363,,,,,-90.69011270890559,-92.60620434861619,-96.13708466197525,-81.35958906598223,-97.75441431768081,-85.54002339049372,-87.44199300593607,-95.91594965952969,-85.33823844120744,,,,,,,,,,,,,-91.12392655123988,,-67.78553256680458,-89.8031775009814,,,-94.46852414283396,,,,,,-82.78449285904965,-92.41333547522402,-84.53097330121331,-93.31314166352546,-95.8239184444962,,-93.31425353450615,-89.44424484571257,,-91.37413615474368,,,,,-93.54213860937547,-72.55457671180459,-89.61750714691287,-89.09724276718475,-91.69946727580448,-91.02635084535694,,,,,,,,,,,,,,,,,,,,,,
2019-03-31,-72.78778843655991,-47.68015003965293,-85.38445537534741,-78.7003258078896,,,,,,,,,-91.75920579552573,-95.58041765246328,-83.6411833511124,-96.0260644935523,-96.80044573095086,-96.22868064697782,-93.65238508574431,-79.18389437033021,-88.59500744454749,-96.18501321255192,-86.46070825714578,,,,-78.15836333284335,-77.18797726218794,-94.18708119283835,,-96.41632760113322,-85.9558437916848,,,-89.41316248232444,,,,,,,,-74.42352340892833,-92.6546294442932,,,-85.85386195019686,,,,,-90.4540612433646,-92.39186828017141,-96.82902492056712,-81.37695676096995,-98.0621671875422,-87.25019477225199,-87.20993037439176,-95.84784139097688,-86.0579670023845,,,,,,,,,,,,,-91.3177840555879,,-68.08762085229753,-90.70707519554718,,,-95.04987997815367,,,,,,-83.38692287195423,-92.55442965399031,-87.3709591827005,-93.60557017871902,-96.07713373136525,,-92.99377470135346,-89.9011855598394,,-91.85161677233415,,,,,-93.80312749256854,-74.66731758710846,-89.45254958582085,-89.53419931627195,-92.03849981731003,-91.45367289291931,,,,,,,,,,,,,,,,,,,,,,
2019-04-30,-75.27184784775982,-47.66200281506062,-86.28178068124878,-79.0153879634088,,,,,,,,,-92.00643064688221,-95.68135316747228,-83.84357027255503,-96.43551944438364,-96.88092124740311,-96.23973056002517,-93.79780050912957,-79.70319878291598,-89.16708154008008,-96.27574189026792,-86.71324144742917,,,,-78.07739194296772,-89.41323596159297,-94.04075695208164,,-96.47322605221824,-86.88838133169571,,,-89.07307570732499,,,,,,,,-75.37156075643162,-92.6601949231888,,,-89.89924062147455,,,,,-90.51568204157519,-92.87143127435954,-96.94376423786628,-81.9079423757636,-97.98234014680297,-85.51881450916497,-85.50280870218168,-95.93985156602629,-85.50493984919204,,,,,,,,,,,,,-91.24357354484876,,-67.85947145572936,-90.380091899652,,,-94.85135391554648,,,,,,-83.31372513615,-92.64014005242296,-86.11945740884683,-93.64136406603274,-96.13718823028104,,-93.19520808685753,-90.01213148236442,,-92.44382308979918,,,,,-93.73784448761755,-73.02262230687062,-89.38111198873112,-89.33703090454294,-91.87298516809565,-91.66144475885673,,,,,,,,,,,,,,,,,,,,,,
2019-05-31,-75.21249945843381,-49.49891761983812,-87.62695320449002,-78.3785102549871,,,,,,,,,-91.73996519341253,-95.5779054688961,-84.55409127115243,-95.76254991671578,-96.8196217032524,-96.44142600889833,-93.72198947897668,-79.97036607548571,-88.53115589333979,-96.035424034747,-87.0733745378236,,,,-78.28447226664852,-87.63402129178465,-93.63064853697097,,-96.3435542395804,-87.58480009394623,,,-88.60576250191964,,,,,,,,-75.70599083212024,-90.54862613485915,,,-80.93270880679638,,,,,-90.69514998587088,-93.27538763495292,-96.83178885743857,-82.16502100701493,-98.08925306984374,-85.16944643546651,-85.2409929782741,-95.92451072946281,-84.80323545346558,,,,,,,,,,,,,-90.74785227025812,,-66.08370805713034,-89.70591318302883,,,-94.5962155592685,,,,,,-82.65275515974784,-92.522300039984,-83.35879723177574,-93.60564992211589,-96.32550038949417,,-93.21870389161201,-89.71036768033464,,-92.67206406865255,,,,,-93.7139148174697,-73.60630464084694,-89.16691350066505,-89.02516236013184,-91.70114722675495,-91.40769404368544,,,,,,,,,,,,,,,,,,,,,,
2019-06-30,-75.0764546832581,-49.08071147530118,-88.05755632589943,-77.63315299484668,,,,,,,,,-91.62583952442631,-95.577882691929,-84.52852858128799,-95.92486662045503,-96.81383801379258,-96.15411109874469,-93.47023236830991,-79.90726891637468,-88.1024174930033,-96.1109265741719,-87.2543214191633,,,,-79.50914563613713,-87.28836773944133,-93.00960399320635,,-96.25381159947484,-87.72787262005969,,,-88.61995403190697,,,,,,,,-76.7394973303119,-89.88160909506185,,,-80.45209898912249,,,,,-91.04924923266066,-92.90747228220371,-96.95163764405466,-86.11932765669637,-98.16813922321484,-84.5686630951596,-84.15898296175361,-95.83605243829577,-84.96684610580441,,,,,,,,,,,,,-90.80912518160086,,-68.6205206813723,-89.98387490621501,,,-94.77260557171877,,,,,,-82.27520112955443,-92.30513302980526,-83.22026000722566,-93.38090246765337,-96.25442484939946,,-93.14602937377724,-89.46035589490168,,-93.02556177499575,,,,,-93.70020911586894,-68.69198078669802,-89.49500609096273,-88.71397716640952,-91.45562479745846,-91.09781248103639,,,,,,,,,,,,,,,,,,,,,,
2019-07-31,-75.23561931027324,-52.72354065092311,-88.72913342988656,-77.65610743250741,,,,,,,,,-91.98034224138573,-95.96177639932023,-85.05363825698055,-95.96075203222016,-97.08781637818373,-96.11685350936119,-93.43149336871006,-80.84287367623635,-88.49490155357887,-96.1476008568466,-87.25484050419874,,,,-79.01020924815784,-85.93201876140506,-93.03160481251932,,-96.25265057191264,-87.76201698943339,,,-88.6172413179123,,,,,,,,-76.92469613133466,-89.1263162093225,,,-86.27262406120451,,,,,-90.61817175644741,-92.9517772244099,-96.92142259324287,-84.49399483246415,-98.37644831308624,-84.13356534118867,-85.71184008620521,-95.80547175448189,-85.77981846414194,,,,,,,,,,,,,-90.76213944668854,,-69.83659899491305,-90.81047907815822,,,-95.01870378455996,,,,,,-82.4455761210144,-92.32007772643932,-83.3417793625334,-93.35403520012169,-96.21403848977502,,-92.91332930599772,-89.51848524692568,,-92.95056131610997,,,,,-93.83610270667694,-73.60693129882709,-90.20004583911341,-88.54978852386517,-91.45159312365946,-91.2800376615426,,,,,,,,,,,,,,,,,,,,,,
2019-08-31,-75.3098259910705,-53.06110056052391,-88.31959360412061,-77.73001504827609,,,,,,,,,-91.73212365179926,-95.90489093439572,-85.52341684527276,-95.80956217985182,-97.07343397201029,-96.16891289747161,-93.40802371651442,-80.91494095393237,-87.96646359561758,-96.05943700436161,-87.66069303583579,,,,-80.14030681623092,-70.79974073517621,-92.83965657681469,,-96.4161962249605,-87.71981695525028,,,-88.07791586172118,,,,,,,,-77.60887844287763,-88.93418154378642,,,-81.50613686203339,,,,,-90.76010305950693,-93.04518515316279,-96.8207227255563,-84.15470474638056,-98.42604422182559,-83.87114820855636,-87.94971834773489,-95.81999981413557,-86.1386429367472,,,,,,,,,,,,,-90.50285813230049,,-71.0740788856573,-91.57321897685246,,,-94.61395379433122,,,,,,-82.36102720734235,-92.32078173955279,-82.29596315353898,-93.42856104781185,-96.17703070171287,,-93.00695533690461,-89.59713204325926,,-93.70767596263255,,,,,-93.57395240253864,-72.331481341513,-90.25040933119334,-88.71031568959035,-91.45010013285015,-91.69662101850331,,,,,,,,,,,,,,,,,,,,,,
2019-09-30,-75.08827653037271,-54.594513852036336,-85.88201158701635,-76.95835022508886,,,,,,,,,-91.07657024118708,-95.85463393790475,-85.14478625538342,-95.60385032589224,-97.10906580258523,-96.18507976149738,-93.17679221934571,-79.13301415504604,-87.3843516961728,-96.29436751017337,-87.5459434144738,,,,-80.17200647516162,-69.27413278618941,-93.6504369463086,,-96.28455354353324,-87.82908945067783,,,-88.4871823831529,,,,,,,,-77.43657806303149,-89.02050582923869,,,-81.88684237125128,,,,,-91.0919559031486,-92.86336810229216,-97.04838898139438,-83.95011724649332,-98.56006436394946,-84.45109588058912,-87.61709483050129,-95.60424668534047,-85.10371047174003,,,,,,,,,,,,,-90.63342850936442,,-71.95422016015229,-91.03871793011595,,,-94.69190447208152,,,,,,-82.06480575508199,-92.11956492610646,-82.50701509914342,-93.18654659224762,-96.19748375109117,,-92.60815874586021,-89.26816154514036,,-93.53307644610412,,,,,-93.85669255876289,-74.89075522746812,-90.47799310267766,-88.34323567546397,-91.18378575660813,-91.48896920940236,,,,,,,,,,,,,,,,,,,,,,
2019-10-31,-75.70412552318585,-51.569231682048574,-86.13252029940845,-77.06362595668608,,,,,,,,,-91.1522595185231,-95.89083525935789,-85.57594331550162,-95.65101387881782,-97.29552329527948,-96.51359031445423,-93.43148500514835,-79.44394887566375,-87.52116552745598,-96.09050290698649,-87.18670074564827,,,,-80.2177826384409,-80.27757345702707,-93.50226247487223,,-96.20987246050836,-87.67455705817203,,,-88.60813966415346,,,,,,,,-77.4423723042924,-89.08599013205937,,,-82.9145329078664,,,,,-91.59371194228555,-92.72292149936547,-96.85140939470197,-83.6897524258941,-98.17660009401459,-83.96270939391312,-87.15279666714156,-95.55537114858048,-85.60577028538894,,,,,,,,,,,,,-90.80397951557794,,-70.00478833111889,-89.31481951705258,,,-94.37733990526816,,,,,,-82.40894160126612,-92.26596675462159,-82.26368509151271,-93.15071460964705,-96.12265761851495,,-92.64488734889528,-89.21124281511142,,-93.18347914826333,,,,,-93.89495925694031,-80.43851886477128,-90.62242734000758,-88.32091872739235,-91.12663835268108,-91.41806742496696,,,,,,,,,,,,,,,,,,,,,,
2019-11-30,-76.49546691568641,-52.23072277992465,-86.51372063905411,-76.95050464399873,,,,,,,,,-91.32385114830518,-95.81964504842996,-85.76969424433568,-95.56145281917999,-97.43123137856787,-96.36840717742335,-93.43243725180739,-79.31824816151448,-87.85651158062508,-96.09126177686808,-87.70774823313725,,,,-80.00793384166855,-74.06400826003984,-93.55705002254591,,-96.06925666096981,-88.26315838513004,,,-88.35189859730336,,,,,,,,-77.43250335126902,-88.82603248996674,,,-72.72478946974995,,,,,-91.47647164765894,-92.80031587855343,-96.79587797931639,-83.98892155107936,-98.19932052935198,-84.72276785249193,-86.67405406315277,-95.61663968254646,-84.40144427227514,,,,,,,,,,,,,-90.72945138290784,,-70.09504098901424,-89.25749790781498,,,-94.44065560745871,,,,,,-82.25847187319917,-92.22513269006974,-82.14960066016596,-93.15322288377797,-96.05789204868435,,-92.661941863054,-89.16779487703417,,-92.76654037059272,,,,,-94.10323738615449,-74.59805349233376,-90.57821015542024,-88.27417123699863,-91.09645496557967,-91.21603824146018,,,,,,,,,,,,,,,,,,,,,,
2019-12-31,-74.14925056586293,-48.86537252024564,-84.77411372432759,-75.52496110905238,,,,,,,,,-91.1362575479447,-95.53049420907682,-84.30097241622919,-95.56311864694442,-97.22257963809766,-96.30284792973727,-93.08702654442044,-78.05560239755236,-87.05597260319223,-95.88763583217403,-87.3720373733976,,,,-79.13124985211233,-73.45266049434193,-93.14573785065667,,-96.24887873426852,-87.56225408072581,,,-87.70499800414507,,,,,,,,-74.8908181161227,-88.30544745458663,,,-71.48931004410981,,,,,-91.43287073040965,-92.44141812346246,-96.67625244279728,-86.70459709163339,-98.14053603009133,-85.02835935608863,-87.00127183105855,-95.34889330419269,-83.32050942562063,,,,,,,,,,,,,-90.0991792094802,,-69.23515457750604,-88.6660630374485,,,-94.10393328482942,,,,,,-81.3251162741005,-91.75614615190666,-81.39326791689858,-92.70166386148576,-95.77541189994997,,-92.42543671515757,-88.5317801568226,,-93.17992740100634,,,,,-93.70722378118771,-79.58218268929753,-89.68257383227092,-87.67330799842617,-90.63480707793701,-91.13374608569114,,,,,,,,,,,,,,,,,,,,,,
2020-01-31,-74.38765566759017,-49.88965734218705,-85.02023157608475,-76.48548193282159,,,,,,,,,-91.47402727714744,-95.95674688658984,-84.21068545063046,-95.14996571546773,-96.94561251187979,-96.4344614710615,-93.51863341498978,-79.5687804328321,-86.80916919230357,-96.1768314450876,-87.32264096014741,,,,-81.63293752907093,-81.32721518953157,-93.43688436356013,,-96.59626840768635,-87.43558880833179,,,-86.6684485088943,,,,,,,,-74.95070322661834,-88.77851537517896,,,-75.31369440382252,,,,,-92.45140098933042,-92.98929790691014,-96.86626728086459,-83.51532636935329,-98.20825091545545,-85.00843828687255,-86.1834303151493,-95.31208957550666,-83.65854371394259,,,,,,,,,,,,,-90.39837431509773,,-69.21118545002057,-89.68057413216195,,,-94.12086870755726,,,,,,-82.21746642018428,-92.11139273084382,-81.5514894767846,-92.91689416298082,-96.03298094940311,,-92.3911926138709,-88.9750906231728,,-93.62458001506923,,,,,-93.6457996144082,-60.648505801460665,-89.20236179908798,-88.10485079967339,-90.89180466828604,-92.13007809127198,,,,,,,,,,,,,,,,,,,,,,
2020-02-29,-73.54657160081646,-50.60170416676791,-84.88848408852016,-77.5305293319192,,,,,,,,,-92.04804297702661,-96.39890342479987,-84.6096291420844,-94.92993211619364,-97.1888370260586,-96.83668978426334,-94.077770784596,-80.65087648628901,-86.90638047731201,-96.36109437658033,-87.47033644659255,,,,-81.11175289244146,-75.18087616183104,-93.56810535425029,,-96.71134768612227,-87.63693451058884,,,-87.13654678514507,,,,,,,,-74.2118011773173,-89.28408939947708,,,-67.93860442722428,,,,,-92.60404230672931,-92.86932700779865,-97.17037828418029,-83.90139129351226,-98.21706682252038,-87.74455266123366,-85.86066974490247,-95.5015032700991,-83.42348041952158,,,,,,,,,,,,,-90.98090156587122,,-69.63645513055867,-88.60613439310472,,,-94.31808400490051,,,,,,-83.02368610708115,-92.47988287865711,-82.08471336027335,-93.30433524713602,-96.34996595692975,,-92.7293977506633,-89.42582475387529,,-94.20704532753277,,,,,-93.86045841217832,-61.30332900777328,-88.66202345932481,-88.64671527388442,-91.28880940072474,-92.3596888371009,,,,,,,,,,,,,,,,,,,,,,
2020-03-31,-74.47363702137791,-54.80195026178029,-84.65606397205332,-78.82180480592814,,,,,,,,,-92.12053512975655,-96.68457023081206,-85.09019583950514,-95.32393207506281,-97.22688820634563,-96.97053533403071,-94.0851670947651,-79.93467434448836,-86.1944782513802,-96.25404180498666,-87.66539280164353,,,,-79.45241991932821,-76.9281465490112,-93.9627849421626,,-96.84158353159567,-87.7043760279121,,,-88.08039923130521,,,,,,,,-74.02816716208793,-89.82888584248576,,,-66.78652082139509,,,,,-92.00894068040061,-93.3337505481569,-97.15521670704466,-84.34238775432348,-98.3151774202434,-89.59412257396266,-87.88378418784795,-95.55572701722689,-83.9453367544524,,,,,,,,,,,,,-91.08727398843267,,-70.38784560013234,-86.98958169676526,,,-94.4084937420437,,,,,,-84.2154416619497,-93.00812419721593,-83.37535944450575,-93.69099122657032,-96.4256337282947,,-92.90676079926898,-89.94253673130711,,-94.85184735600417,,,,,-94.29147617422133,-74.49968120180692,-87.67300062800454,-89.45843079408604,-91.69641611610122,-92.90894022053546,,,,,,,,,,,,,,,,,,,,,,
2020-04-30,-76.25013048095327,-51.68151390700836,-84.87526762534914,-80.40308414105576,,,,,,,,,-92.84998459165847,-97.03449088581452,-84.82615266752772,-95.63863811165326,-97.30762620838115,-96.9487964188424,-94.49781083737471,-81.57854666774837,-88.42856468365788,-96.58864235653226,-87.77669528103017,,,,-80.14573528541202,-87.0290343948133,-93.62108895947047,,-96.53185005473276,-88.0495415159929,,,-87.6696438728599,,,,,,,,-75.75566413690603,-89.97885469638928,,,-79.30645672543305,,,,,-92.25158445986911,-93.14858780654511,-97.45088666481995,-85.47965636573814,-98.43254570309288,-86.00984088529131,-86.56129439999677,-95.61047641441928,-83.07052601362871,,,,,,,,,,,,,-91.24741906117424,,-69.90901111409218,-86.94139048526525,,,-95.02282515916332,,,,,,-85.26623833353229,-93.63789741266815,-80.5737175324727,-94.19923171352261,-96.76600786972307,,-93.39555334052493,-90.49643417826195,,-93.18567850724791,,,,,-94.15610134943809,-68.8045800783666,-88.41028544908673,-89.84878870485441,-92.08350864097197,-92.34515775048538,,,,,,,,,,,,,,,,,,,,,,
2020-05-31,-75.747919443062,-51.121776387487714,-85.71708942788683,-81.37711424938223,,,,,,,,,-93.6208181260274,-96.9581970307978,-85.26328707954056,-95.36811968211313,-97.35655251300311,-96.83336584034845,-94.44514091699537,-84.02309938260578,-87.76743121699786,-96.57467522659901,-88.07885924129774,,,,-79.78224879969214,-86.1615391826923,-93.43764286804763,,-96.60768832349173,-88.05487375575045,,,-87.94447789555502,,,,,,,,-75.60288486273383,-89.96055791099995,,,-77.02651060629294,,,,,-92.32309216619551,-93.49839511470604,-97.43785873459024,-85.37983742268567,-98.25406231174769,-85.43655363606975,-86.10503740158565,-95.78608753485688,-84.51456769964273,,,,,,,,,,,,,-91.10641230157431,,-70.87578248757814,-88.41646457951397,,,-94.91946336833865,,,,,,-85.83298418483943,-93.90680027412627,-79.23490235447213,-94.42935683116507,-96.9395191992452,,-93.65337464301128,-90.92387561799792,,-93.50308300201533,,,,,-93.94562733617809,-72.60693593339839,-89.48892127035056,-90.29564595626937,-92.55813549755551,-93.05445321524223,,,,,,,,,,,,,,,,,,,,,,
2020-06-30,-75.49942230975309,-53.71713868148192,-86.56497519600045,-82.5568617574167,,,,,,,,,-92.49890067093229,-96.65870665558192,-85.57352203455498,-95.77643540525729,-96.68521908099329,-95.89627652725719,-94.51237946938748,-84.07242820731932,-87.72572635328916,-96.64876199176567,-87.96131611991125,,,,-81.84827594696036,-87.68912488899636,-93.76376063242542,,-96.77351021289165,-87.54456805671344,,,-89.71056140527047,,,,,,,,-76.4626795487017,-90.54005648736386,,,-79.40814603565957,,,,,-91.17445653369141,-92.59625302853432,-97.31733470838905,-86.87011879575529,-98.22703007413305,-85.44899437911423,-86.42765769412998,-96.06023306401214,-85.33114067912683,,,,,,,,,,,,,-91.51267028736036,,-72.83673054899074,-88.88356723001057,,,-95.00126010107252,,,,,,-87.08441703501923,-94.34941185538626,-79.80933039445897,-94.64122645888753,-97.00863561137128,,-96.92551552762244,-91.49879702186423,,-93.1178490356424,,,,,-94.13736500869463,-66.23488969225234,-89.94070076073206,-90.96280459795918,-92.99303105134942,-93.54942187998913,,,,,,,,,,,,,,,,,,,,,,
2020-07-31,-76.25985595642734,-51.88321740372905,-87.62868687689057,-81.91386637511701,,,,,,,,,-92.53845709467491,-96.8474748378736,-84.76912555920266,-94.9299223934912,-96.19059988771812,-96.10748314529388,-94.58915547321104,-84.35535039182344,-87.25060959231297,-96.5712862424394,-87.80132302918308,,,,-78.98668474543717,-90.64486806112981,-93.5184797326533,,-96.37776807898425,-87.43333425865,,,-90.0433803676019,,,,,,,,-66.929302194741,-88.41733075907712,,,-86.70063013772581,,,,,-89.96021893873544,-92.44785125620136,-97.34290810554617,-83.37361721987061,-98.24013969762538,-84.97743768818108,-85.66594542527821,-96.17411755742258,-84.32717456536139,,,,,,,,,,,,,-91.05936944200123,,-71.04924657710873,-88.01312167374844,,,-94.63006021879706,,,,,,-86.39394878929959,-94.14736692063782,-80.1495385369518,-94.54195186431666,-96.9919964486088,,-96.57657564686582,-91.19687705342368,,-92.29546913481384,,,,,-94.02663992525049,-80.6985832780792,-88.40093447337925,-90.59431906393593,-92.74583411295684,-92.83533424827009,,,,,,,,,,,,,,,,,,,,,,
2020-08-31,-76.32278560986357,-53.503553763732896,-89.08101183578282,-83.77427384011598,,,,,,,,,-93.19660475463081,-97.25152092237077,-86.07966812955326,-95.21752761943445,-95.86343583666873,-95.97125971228661,-95.13527538251188,-85.82003759735844,-87.8983406203105,-96.649801415184,-88.45572210873681,,,,-78.02848367276252,-89.83420694455471,-94.05938016221637,,-96.32884942247466,-88.28058246284428,,,-90.01938009449707,,,,,,,,-69.29774381856267,-87.93867501550619,,,-81.88118572952024,,,,,-89.50750795271146,-93.01029279787747,-97.47975002901651,-83.93676037274831,-98.25826641297871,-84.76048154444341,-85.66961539169887,-96.58208955000717,-85.01786284769084,,,,,,,,,,,,,-91.40242092825073,,-72.05684491316434,-88.47309706352192,,,-94.63044809533993,,,,,,-87.60273163090287,-94.71459417461746,-81.79366431298627,-95.10064477232605,-97.21014095865519,,-96.93259971787795,-92.04573868386053,,-92.28570675466823,,,,,-93.92082340586447,-80.67317612207813,-87.72397859079413,-91.53581872653066,-93.55499254099921,-92.55727728127042,,,,,,,,,,,,,,,,,,,,,,
2020-09-30,-75.29458985825015,-48.479523556300734,-89.12568073508083,-82.00321120892131,,,,,,,,,-92.72364489026512,-96.90667411430748,-85.85224922849312,-95.16030929848932,-95.74734679104803,-95.99061193458408,-94.7487294957484,-84.65767174359388,-88.0167037156899,-96.63615202923455,-88.33237202137404,,,,-76.08203091339604,-89.13081986826224,-93.80840686970397,,-96.3049680918574,-89.10056361099797,,,-89.59882286031284,,,,,,,,-68.68206449943152,-87.58003302235133,,,-81.42366891044841,,,,,-88.83537233397726,-93.03710253321286,-97.43592481592388,-83.78533172898271,-98.26173888661481,-84.97141272662117,-85.50028070994415,-96.23983470474249,-84.1482478658295,,,,,,,,,,,,,-90.43775421196261,,-70.28481335777228,-87.77669653116261,,,-94.24788852925295,,,,,,-86.2993836114738,-94.1169240396767,-79.89137827750419,-94.69789168212282,-97.21529764755124,,-96.64389229047484,-91.26195147671417,,-92.32179608477617,,,,,-93.66181600775822,-79.31994720529275,-87.73258728011714,-90.64310469883159,-92.89023362103899,-92.56651689124,,,,,,,,,,,,-95.35231120787358,,,,,,,,,,
2020-10-31,-75.6096087169599,-48.42186076893296,-88.22451334464934,-82.06112195454283,,,,,,,,,-92.82432687084155,-96.95376360495266,-84.89467400067736,-94.9227594219032,-95.48954673238565,-95.91610981369209,-94.4414499985524,-85.59838032243564,-87.51964972909639,-96.87603313832271,-88.0291875931825,,,,-77.3632862388933,-92.3315053154353,-93.92146801742344,,-96.36738983157039,-88.9112493771996,,,-88.62239949612463,,,,,,,,-66.56569654115582,-87.78488606583564,,,-88.61076751569752,,,,,-89.60720802345269,-93.02658121977238,-97.6415705362853,-83.3483245823733,-98.49612528113514,-86.23290656262758,-86.40381280306813,-96.21597054863561,-84.82936817904682,,,,,,,,,,,,,-90.49477119699098,,-70.48327253531131,-88.45064283130345,,,-94.31855288704274,,,,,,-86.34113601443198,-94.13487364963373,-81.38156943492673,-94.63504602864504,-97.18184330777103,,-96.72898009461238,-91.32115275453368,,-93.65017188210038,,,,,-93.90435358794572,-80.40679954276403,-87.57951856509017,-90.63734645557571,-92.86566506391851,-92.81977551295732,,,,,,,-97.14072790485673,-96.68298396597402,-96.9246922950023,-96.83701871696907,-95.00176864634558,-95.3988762935674,,,,,,,,,,
2020-11-30,-75.39871027229971,-48.680523782802254,-88.18088201191661,-81.79967303711051,,,,,,,,,-92.8764732220141,-97.30875026674191,-84.53361412732166,-94.9762762194117,-95.81454312158267,-95.4406408660628,-94.9007868898635,-86.25906192501799,-87.24290261647845,-96.66119771849348,-87.80762536673811,,,,-78.03255813113843,-91.90110401020888,-93.63300689447958,,-96.40146087606574,-88.97784373367912,,,-88.19860646210925,,,,,,,,-66.05236941946272,-87.28314850190397,,,-84.86831246133893,,,,,-89.69027390295011,-92.0455383645931,-97.4814157169428,-83.70214629907454,-98.42752335512492,-84.95936951919879,-85.89712192122542,-96.41293485326797,-83.92041702958356,,,,,,,,,,,,,-90.33339077482552,,-70.07187014995677,-87.0302052457633,,,-94.0239461220563,,,,,,-86.23012159334007,-94.08077394819124,-80.96422200607275,-94.56068505725736,-97.21494806840252,,-96.58996740425192,-91.20020618923769,,-93.44869546228854,,,,,-94.14966005950164,-71.69954958438555,-88.27458143339588,-90.46278759357597,-92.73151358444265,-92.77274849044709,,,,,,,-97.1520377123341,-96.54908055905763,-96.90794495740448,-96.79489159295208,-94.9228181669086,-93.0723067887535,,,,,,,,,,
2020-12-31,-73.57230694713293,-49.17164574763705,-87.41128669804479,-80.34537780330675,,,,,,,,,-95.85050023009497,-96.24175272962309,-83.40100373327012,-94.89219378778188,-96.39463527869853,-95.26452843174748,-94.0199764022857,-83.56438858732284,-86.80815120705086,-96.50445525531649,-86.88319053943933,,,,-76.70675782724737,-91.4620233195114,-93.60577246578185,,-96.60083776540823,-89.09725014841534,,,-88.36863253699896,,,,,,,,-64.80867619008126,-86.92246718566346,,,-84.02577444363207,,,,,-90.39534056440208,-91.5982460918699,-97.12038281689925,-85.20826155642077,-98.48375402501873,-84.92649602776272,-85.89412643119104,-96.10759008910006,-84.55291557778159,,,,,,,,,,,,,-90.45965621637531,,-70.26114784000633,-87.17752331625927,,,-93.13339051175832,,,,,,-85.26573848194957,-93.55823861916059,-80.74219593927322,-93.95583075733255,-97.03615881764301,,-96.39496736084646,-90.51665831090061,,-94.00088026669168,,,,,-93.91112173339542,-69.32014441010256,-87.66412694460767,-89.85295018615263,-92.1716873132848,-93.09697142382737,,,,,,,-97.23682751406415,-96.48053726371654,-96.83535287920708,-96.91496241661069,-94.94589318624072,-92.41049453141316,,,,,,,,,,
2021-01-31,-73.84838368055267,-50.18765836867497,-87.49948940460573,-81.13590635863768,,,,,,,,,-96.20115411359822,-96.19004559385333,-83.8799773071704,-95.54309881557074,-96.01373187104257,-95.23362022237293,-93.90576384952705,-84.63313565717766,-86.53808702413629,-96.54964198386699,-87.59550205195102,,,,-78.38431789278862,-91.83476237984665,-93.24281668427146,,-96.4996806985155,-89.76344512729891,,,-88.6125073573472,,,,,,,,-67.35972549303293,-87.4099661193186,,,-87.84404740700782,,,,,-91.12732769873834,-90.57943138936155,-97.09450906781908,-83.36138848306835,-98.33323934611533,-85.25882613123028,-90.10627843832208,-96.38005516020219,-84.37439705854729,,,,,,,,,,,,,-90.4853039930955,,-71.0566102286582,-87.2356469266604,,,-93.3591012401116,,,,,,-85.62806765308153,-93.65072856446801,-81.12266753468012,-94.22357189808494,-97.05134558974451,,-95.82609513169365,-90.91349151340711,,-93.33389283724634,,,,,-93.25181700456997,-68.73645763443336,-93.2006927470228,-90.13370379302745,-92.46246733096467,-93.03376487026415,,,,,,,-97.20603915722998,-96.69815712338671,-96.52934684958691,-96.88589806398245,-95.52367799954256,-93.41705266841565,,,,,,,,,,
2021-02-28,-74.33705769395937,-52.66998581542392,-86.55294785521092,-80.08239813527247,,,,,,,,,-95.94519099079133,-95.84944765326394,-83.8365818213693,-95.94212533089438,-96.14957569828177,-95.11421645164712,-93.49514831195818,-83.23017685683395,-86.33057765595022,-96.46684269348373,-87.55912212404844,,,,-78.33546017778718,-88.41088650642753,-92.8379238886352,,-96.45517168903683,-89.59145927324602,,,-88.45894595900931,,,,,,,,-66.64782413586651,-87.50489507145251,,,-83.9206724451255,,,,,-91.24082198424085,-89.7382406271914,-96.92963753671727,-83.46745403676087,-98.21837050124743,-84.64728934704239,-89.5731695664074,-96.2139580691465,-83.51997274108865,,,,,,,,,,,,,-89.99289267667227,,-71.46127684932725,-86.56465623769482,,,-93.00409437144842,,,,,,-84.74840714864091,-93.30311902072994,-80.67060762564638,-93.93705192005248,-96.80157286592863,,-95.5187036090035,-90.50242051842498,,-92.90854851362568,,,,,-92.8195813968787,-62.97467471074061,-92.78705248094252,-89.61870148345953,-92.0934668186245,-92.94219421036864,,,,,,,-97.2154012813129,-96.92438013864393,-96.61379242848386,-96.49858466211712,-95.58263330631505,-92.88892204161793,,,,,-94.91827605684296,,,,,
2021-03-31,-76.10442535044936,-52.61742883809031,-86.92090483406517,-79.51590400395709,,,,,,,,,-95.81083533861751,-95.63670428921974,-82.34176615449273,-95.60333023688527,-95.91093165594431,-94.51603110896671,-93.23551920724249,-83.24871082157526,-86.28817055209609,-96.48127627439136,-86.82511782252058,,,,-78.30852755169408,-87.61490101733892,-94.05273059693808,,-96.3324579737629,-88.21051738234571,,,-91.12228533331782,,,,,,,,-64.45400812780716,-86.9859919693004,,,-83.68414918330582,,,,,-91.56800555823773,-88.77720960387629,-96.94112946780145,-83.92943096367694,-98.18787268950064,-85.02744827131052,-89.90787396055993,-96.1412441365006,-83.08917290797979,,,,,,,,,,,,,-89.34221645059816,,-72.94710105597106,-86.05277219974631,,,-92.67149346689452,,,,,,-84.33415846042271,-93.14336027080414,-83.53911151156927,-93.79857784783584,-96.69641588555395,,-95.52872502509248,-90.19805860754167,,-91.58753154440333,,,,,-92.69388766150992,-64.26457776982964,-92.97252012998798,-89.32118537695396,-91.91523591293404,-92.54904233906976,,,,,,,-97.05354086660326,-96.8886953379704,-96.67850021545881,-96.10544428028624,-95.73713861243029,-92.76087906250245,,,,,-94.79322937448146,-81.3750768322952,,,,
2021-04-30,-76.88283811882876,-48.05932714751762,-88.66195110091397,-79.01525420812402,,,,,,,,,-95.90322753454967,-95.79288319394685,-81.6965083447571,-95.37445781488607,-94.5002703111571,-93.90329004197055,-93.80510544376634,-82.95590501721239,-87.38528200439556,-96.55463735478584,-86.89454146820148,,,,-78.29900973326534,-88.48493026373856,-93.7715107140197,,-94.6909465304136,-90.06251508886807,,,-90.88241509357957,,,,,,,,-66.53325766421123,-87.22499007022624,,,-90.33974494427548,,,,,-91.94898300528887,-88.03273934508174,-96.9502730099784,-85.12488075875281,-98.11438216807166,-84.97056244546245,-89.76703610862556,-96.10300894774096,-81.82765297572793,,,,,,,,,,,,,-89.11717312389848,,-71.55270393228531,-84.92984471711,,,-93.22144407566583,,,,,,-83.79290823888158,-93.00145135275915,-80.40778512668265,-93.58982454299745,-96.7832806131757,,-95.35804403980838,-89.99793004996435,,-91.18446949991957,,,,,-93.40324733806611,-55.83769358158663,-92.20175732241877,-88.80744367937079,-91.60774163215302,-89.67335789099583,,,,,,,-96.82510873983101,-97.07461646007843,-96.65452597609278,-95.66222945496841,-92.83125129587803,-93.18186722956908,,,,,-94.62938002552197,-81.90437596621145,,,,
2021-05-31,-76.91203759512676,-48.425218025693404,-86.94703035337858,-78.0561591920775,,,,,,,,,-95.83014279864811,-95.35898343612645,-81.80220466728679,-95.07436445500123,-93.97386737358254,-94.03813797745656,-93.33733156488873,-82.74182715656349,-87.34894509006523,-96.46048886491269,-86.51117940768584,,,,-79.6093775250739,-84.43351084497856,-93.63403093611973,,-94.66545341870072,-89.55867524578392,,,-90.64191233211672,,,,,,,,-66.17349957618822,-87.4616180190615,,,-87.16430146794653,,,,,-92.33051296978414,-87.01066057605851,-96.82624808728839,-83.8794527379864,-97.96550561753828,-85.41425410258486,-89.11594783183622,-95.82598702860443,-81.54644495963232,,,,,,,,,,,,,-88.69485211560065,,-71.12880556043699,-85.32263800518962,,,-92.63749733064009,,,,,,-83.21883761027925,-92.76039648789107,-79.39646699640222,-93.86615424951854,-96.6840009797213,,-95.08865875671977,-89.64883458313747,,-91.55147051754078,,,,,-93.16723943786327,-52.704235718639666,-92.12236232119166,-88.29251772877403,-91.32151470450975,-89.14112483409922,,,,,,,-96.72628950666986,-97.15103010494475,-96.5104509844107,-95.8099666735015,-92.8707465673628,-93.00404236485609,,,,,-94.38353184535777,-81.31375970011683,,,,
2021-06-30,-76.66757023552785,-48.70731312651244,-87.34895531954362,-78.89089983095049,,,,,,,,,-92.88758323417925,-96.37224945103739,-82.65032288998296,-94.8629858617082,-93.02700324171659,-94.51122909404826,-93.48142936842707,-84.09908987663775,-87.629773782055,-96.70920285050325,-88.62774285088226,,,,-78.8069798927901,-85.80692243681989,-94.37843754329785,,-94.49913091495988,-90.0586516248023,,,-92.46240133849876,,,,,,,,-69.42650710371254,-89.25121186222327,,,-87.10654830242859,,,,,-91.675645560143,-89.7732706955799,-97.41600687729687,-86.37382860649775,-98.24743587365,-85.19027174667806,-90.16677014959298,-95.91081970040348,-81.88256936965001,,,,,,,,,,,,,-89.94943101076215,,-72.08000966839656,-85.36881492524729,,,-92.48538012999964,,,,,,-83.72891541514294,-92.96662092882937,-79.42557177451297,-94.08136771038457,-96.50574227474247,,-95.33848265902111,-89.90011183167034,,-91.0819827898871,,,,,-93.17513781668835,-52.113951419544634,-92.19820875086121,-88.76834890557797,-91.60992901658496,-88.53851146059766,,,,,,,-96.55979851887693,-97.05089374248995,-96.4697839637889,-95.5028818110618,-92.94841298629811,-92.82834835820486,,,,,-94.58253088048968,-77.9386915332582,,,,
